tree
version=v4
num_class=1
num_tree_per_iteration=1
label_index=0
max_feature_idx=9
objective=binary sigmoid:1
feature_names=mark mark_drift pik_flag non_accrual_flag num_lenders mark_dispersion lender_mark_vs_avg pik_migration par_migration avg_mark_across_lenders
feature_infos=[0.050833995234312944:2] [-0.89590229425864631:0.95669869983041256] [0:1] none [1:35] [0:0.74756233623866797] [-0.65054809660076263:0.52860639731402004] [0:1] [0:1] [0.050833995234312944:2]
tree_sizes=3348 3372 3407 3426 3397 3432 3431 3436 3423 3441 3401 3405 3424 3425 3399 3429 3422 3428 3408 3428 3407 3404 3416 3435 3400 3404 3435 3426 3424 3432 3426 3424 3434 3445 3435 3417 3404 3409 3434 3444 3417 3399 3407 3429 3408 3411 3406 3412 3414 3421 3417 3441 3444 3437 3440 3411 3407 3451 3426 3424 3416 3422 3406 3390 3428 3435 3419 3415 3440 3413 3449 3448 3450 3441 3429 3417 3428 3434 3427 3439 3437 3415

Tree=0
num_leaves=31
num_cat=0
split_feature=0 9 0 1 1 1 1 9 0 6 1 1 4 6 4 6 1 6 0 9 4 6 6 9 1 2 6 6 6 9
split_gain=346216 12492 2011.41 1646.99 1504.33 1288.35 841.68 1000.89 805.144 682.683 639.318 840.998 566.399 521.802 484.362 397.843 1049.94 429.926 395.593 303.907 299.992 274.262 297.976 220.84 202.883 168.952 142.073 147.924 141.053 422.497
threshold=0.87602931846699661 0.95791457764469123 0.83782188591090134 -0.040658897423784084 0.24899288295565905 -0.0062637383197937093 0.00039267543666832166 0.84448106573143 1.0014757722312477 -0.029951877588164973 -0.017994006641392554 -1.0000000180025095e-35 6.5000000000000009 -7.3886988138538432e-05 3.5000000000000004 0.0087568194884636314 -0.0090672579463921803 -0.039890419781842039 0.79607143489532584 1.0003690765273456 2.5000000000000004 0.050692122213471198 4.1279122843240765e-06 0.91174007701742654 -0.04357088046994808 1.0000000180025095e-35 -0.0011241714566597725 -0.025682203733224714 -0.016802200792645935 0.79993701601943779
decision_type=2 2 2 2 2 2 2 2 2 2 2 2 2 2 2 2 2 2 2 2 2 2 2 2 2 2 2 2 2 2
left_child=2 3 18 20 5 15 12 -8 13 -9 26 -12 14 -7 -5 17 -17 -3 -1 -6 23 22 -13 -2 -25 -10 27 -4 -22 -30
right_child=1 4 10 6 19 8 7 9 25 -11 11 21 -14 -15 -16 16 -18 -19 -20 -21 28 -23 -24 24 -26 -27 -28 -29 29 -31
leaf_value=-1.9198667052945577 -2.1421264608135449 -2.5090374175568542 -2.6472437206712702 -2.7915124687046036 -2.0817617069958736 -3.2621750242073233 -2.2276852513303518 -2.3251637580180802 -3.2932932491829159 -3.1591900095253846 -3.3086668630960991 -2.3040250422526558 -3.3086668630960991 -3.1620668167049777 -2.5369241231365347 -3.3086668630960991 -2.2141247539414328 -3.0960208447633084 -2.0154073815999896 -2.8104130710369586 -2.4318992439421749 -1.9849725092111785 -2.8482720071864076 -2.7074081169384501 -2.1153224547351632 -3.1901366109504519 -2.0302278012830111 -2.1250355652892736 -2.0954100073501971 -3.3086668630960991
leaf_weight=884.31317288801074 11.128968939185148 3.2471020109951487 1.9627967439591882 90.372645691037178 3.1744243241846553 195.46816278994083 3.6029452569782725 2.6400306895375243 422.22967145591974 34.740875508636236 2.1783147417008868 23.260335117578514 4.5351798720657817 389.6487469188869 23.55104586482048 4.0709488615393639 4.744410213083027 79.367154892534018 123.47361275553703 2.6055781431496143 2.9614213891327381 5.8846176378428927 2.8198386095464221 4.3184043429791963 2.1757996790111021 43.811235252767801 36.557558547705412 4.3873094357550135 1.0700448006391519 2.1783147417008877
leaf_count=1147 62 41 30 1632 14 5299 26 24 11699 873 61 202 127 9813 310 114 33 1898 387 48 33 15 54 71 11 1127 125 23 5 61
internal_value=-2.61347 -3.15366 -1.9504 -2.77032 -3.21483 -3.2189 -2.82827 -3.02358 -3.23456 -3.10029 -2.19662 -2.35808 -2.7607 -3.19551 -2.73888 -3.03888 -2.71959 -3.07295 -1.93157 -2.41023 -2.38264 -2.2933 -2.36287 -2.27733 -2.50904 -3.2836 -2.06815 -2.28645 -2.68148 -2.90901
internal_weight=2416.48 1331.64 1084.84 183.276 1148.37 1142.59 159.443 40.9839 1051.16 37.3809 77.0508 34.1431 118.459 585.117 113.924 91.4296 8.81536 82.6143 1007.79 5.78 23.833 31.9648 26.0802 17.6232 6.4942 466.041 42.9077 6.35011 6.20978 3.24836
internal_count=35365 33321 2044 3235 30086 30024 2992 923 27938 897 510 332 2069 15112 1942 2086 147 1939 1534 62 243 271 256 144 82 12826 178 53 99 66
is_linear=0
shrinkage=1


Tree=1
num_leaves=31
num_cat=0
split_feature=9 0 9 1 1 0 7 1 9 4 9 0 0 0 1 1 9 7 1 9 1 1 1 1 4 2 0 0 1 4
split_gain=42005.8 1315.25 924.297 732.034 717.929 512.445 848.422 446.032 387.551 343.168 349.164 312.092 373.714 251.254 218.067 296.556 201.159 215.532 189.446 182.177 164.48 135.271 169.621 124.931 105.016 63.4807 46.969 177.112 132.732 188.884
threshold=0.95059864047967813 1.0000000413579333 0.8960351665440115 -0.0079943344865724946 0.087792935120329721 0.99990775278116384 1.0000000180025095e-35 -0.25458354073336642 0.99626253622794114 6.5000000000000009 0.90021844339496782 0.98975887914922356 0.99003783081767505 0.98156642112322867 0.00039267543666832166 0.087792935120329721 1.1105709099141998 1.0000000180025095e-35 -0.0096310406739838466 0.9288092248584382 -0.038174853288864767 0.041706250554369002 0.043501722287158824 0.24899288295565905 1.5000000000000002 1.0000000180025095e-35 0.8595186046617459 0.93609347202202409 0.025379263176696424 7.5000000000000009
decision_type=2 2 2 2 2 2 2 2 2 2 2 2 2 2 2 2 2 2 2 2 2 2 2 2 2 2 2 2 2 2
left_child=2 3 26 11 5 6 -5 -3 -7 10 -4 13 -13 20 19 -16 21 23 -14 -12 -2 25 -23 -18 -6 -9 -1 28 -28 -30
right_child=1 7 9 4 24 8 -8 16 -10 -11 14 12 18 -15 15 -17 17 -19 -20 -21 -22 22 -24 -25 -26 -27 27 -29 29 -31
leaf_value=0.38830831384771702 0.37325485681560588 0.87589272207772229 -0.053518261641136239 0.020789320926320395 0.58533930807775392 0.43609940512832646 0.32572786048988478 -0.034631886224264864 0.12188036344686465 -0.052847948085714407 0.2756247538552356 0.94437658520714907 0.2106057166705996 -0.0523310772257553 0.14495683958202982 0.60357111468626312 0.02864773571225962 0.6486490493914826 0.53178488617638575 0.37928698363631719 0.1608990858169316 0.52490356958262996 0.052988364969172176 0.38024848716871373 0.3035378716015622 0.024265574289561727 0.38316798991052253 0.12088250953849866 -0.053998711302892938 0.51391821134268989
leaf_weight=3208.290252301842 12.155734557658432 1.3987481705844391 7.0275249406695357 445.01362510025501 6.0900550037622434 10.635770007967947 24.042450346052647 450.97267325595021 126.85961141437292 7.4191013574600211 82.660609427839518 2.6052371300756958 14.80340621247888 10.830170091241596 32.736778870224953 3.9502862915396681 16.10652335733176 1.8526099249720562 6.6553861834108803 86.982232671231031 36.49525698274374 2.2504888139665118 12.371515102684496 2.9964610263705245 7.2320155762135983 50.914854686707258 127.28344962000847 7.409595049917697 4.0900235250592223 2.2803847789764404
leaf_count=1716 103 9 126 10950 34 171 424 12685 2870 175 745 13 266 259 566 21 424 23 55 737 673 37 322 31 45 1225 505 84 70 1
internal_value=0.293396 0.0429728 0.380535 0.0880023 0.0692766 0.0613019 0.0364196 -0.0158074 0.146186 0.281443 0.293068 0.22694 0.378874 0.165472 0.304872 0.194338 -0.0181281 0.133736 0.310219 0.328776 0.213957 -0.0242894 0.125621 0.0837992 0.432361 -0.0286569 0.387067 0.358829 0.372021 0.149296
internal_weight=4812.41 1242.28 3570.13 703.419 619.874 606.551 469.056 538.864 137.495 220.777 213.357 83.5452 24.064 59.4812 206.33 36.6871 537.465 20.9556 21.4588 169.643 48.651 516.51 14.622 19.103 13.3221 501.888 3349.35 141.063 133.654 6.37041
internal_count=35365 30619 4746 15863 14494 14415 11374 14756 3041 2370 2195 1369 334 1035 2069 587 14747 478 321 1482 776 14269 359 455 79 13910 2376 660 576 71
is_linear=0
shrinkage=0.05


Tree=2
num_leaves=31
num_cat=0
split_feature=0 0 6 0 0 1 6 4 6 4 1 1 5 0 0 4 5 0 5 6 6 4 0 1 1 1 7 1 5 6
split_gain=22294.7 1305.48 535.964 531.284 674.261 647.937 422.268 525.767 395.79 377.217 296.853 291.096 288.808 269.529 251.111 549.157 606.734 293.049 221.926 212.79 193.629 173.412 125.836 218.085 121.124 120.275 284.093 112.746 116.637 229.922
threshold=0.93888272582828181 1.0000000413579333 -6.3058156200335156e-05 0.98417110034496114 0.99990775278116384 -0.0071235494975880045 1.0000000180025095e-35 3.5000000000000004 -0.032718672487115789 3.5000000000000004 -0.013379932417737382 0.0028658193219045507 0.0062014391025323459 1.113510578831949 0.8595186046617459 2.5000000000000004 0.046353196112814021 0.89424881741754569 0.0098790026045494968 0.00022610457089722316 -0.039890419781842039 1.5000000000000002 1.2478449466360819 -0.25458354073336642 -0.047966522630089763 0.022968514253092379 1.0000000180025095e-35 0.041706250554369002 0.00055281864815291356 0.00056845546966993743
decision_type=2 2 2 2 2 2 2 2 2 2 2 2 2 2 2 2 2 2 2 2 2 2 2 2 2 2 2 2 2 2
left_child=14 2 8 6 5 -5 11 -8 9 20 18 -4 -6 27 -1 25 17 19 -10 -17 -2 22 -15 -24 -19 -16 -27 -3 29 -29
right_child=1 13 3 4 12 -7 7 -9 10 -11 -12 -13 -14 21 15 16 -18 24 -20 -21 -22 -23 23 -25 -26 26 -28 28 -30 -31
leaf_value=0.27861239159223633 0.3164067835730473 -0.028135673259977234 0.25968193786601157 0.22873255549100557 0.12525913643830219 -0.013289986149250255 -0.05307213961616182 0.20726513802450783 -0.05283891659675817 -0.052490984785025743 -0.013255898014317667 0.062760592694249551 0.31091437190054738 0.34636274396384426 0.28807859328979957 0.031752138488239427 0.28226279359015716 0.2108684952413829 0.28566068833981961 0.28422087405382268 0.87389368898643793 -0.052402568709149638 0.51042549947921445 -0.052566166329632596 -0.053820309346080765 -0.053081192501273002 0.64524715417798084 0.10882928381189656 -0.052400493001628627 0.7685649188977991
leaf_weight=4244.1920515447855 3.5051105506718159 491.5854982174933 111.98840519040823 32.123030133545399 131.30339134857059 198.78447138145566 37.874822046607733 39.745075259357691 7.0796445608139065 4.0871503464877605 200.20793703198433 22.544802717864513 24.923902325332165 9.7494024224579388 226.11820064112544 14.919573552906511 53.563960306346416 4.8760920017957678 15.320308804512022 18.942170634865761 2.8031787090003473 8.3367746509611589 2.294295549392702 6.8734453096985781 38.046555247157812 6.7483325861394388 1.8572224453091619 8.0635380558669567 6.8979937359690657 1.5792818069458014
leaf_count=1792 35 13945 1498 368 2465 4628 753 483 145 100 5085 480 236 127 1057 175 200 38 185 43 16 209 1 163 644 136 4 183 170 1
internal_value=0.222587 0.0453083 0.0844878 0.109506 0.0746559 0.0203793 0.173101 0.0802329 0.0201395 0.321697 0.00605726 0.226682 0.154878 -0.0155992 0.27519 0.235398 0.153106 0.0630079 0.178676 0.172982 0.564134 0.137585 0.221312 0.0883267 -0.0237512 0.281096 0.0976297 -0.0238154 0.104582 0.216879
internal_weight=5976.94 1367.67 832.291 599.288 387.135 230.908 212.153 77.6199 233.003 10.3954 222.608 134.533 156.227 535.38 4609.26 365.072 130.348 76.7844 22.4 33.8617 6.30829 27.2539 18.9171 9.16774 42.9226 234.724 8.60556 508.126 16.5408 9.64282
internal_count=35365 31276 16477 10911 7697 4996 3214 1236 5566 151 5415 1978 2701 14799 4089 2297 1100 900 330 218 51 500 291 164 682 1197 140 14299 354 184
is_linear=0
shrinkage=0.05


Tree=3
num_leaves=31
num_cat=0
split_feature=0 0 6 0 0 1 1 6 6 0 5 0 7 6 2 5 5 6 1 1 1 2 1 2 0 0 5 5 0 1
split_gain=14461.7 1058.25 412.679 344.966 487.002 315.732 250.67 244.751 248.431 223.53 217.491 212.087 187.776 167.973 240.854 161.007 221.987 141.55 119.013 244.045 177.469 186.922 130.129 114.168 151.091 365.277 102.231 101.622 67.5951 64.9437
threshold=0.93888272582828181 1.0004649794157661 -6.3058156200335156e-05 0.98417110034496114 0.99836508051886563 -0.0071235494975880045 -0.011811779587740266 1.0000000180025095e-35 0.060335818497600287 1.113510578831949 0.028827992616032038 0.8595186046617459 1.0000000180025095e-35 -0.032718672487115789 1.0000000180025095e-35 0.0098790026045494968 0.012675519617412204 -0.045882999179252031 -0.015445797961077088 -0.017994006641392554 -1.0000000180025095e-35 1.0000000180025095e-35 -0.028041989621297333 1.0000000180025095e-35 1.0102982407552494 1.0106245660665347 7.317693231877233e-06 1.0000000180025095e-35 0.87602931846699661 0.05000941476729915
decision_type=2 2 2 2 2 2 2 2 2 2 2 2 2 2 2 2 2 2 2 2 2 2 2 2 2 2 2 2 2 2
left_child=11 2 6 7 5 -5 15 12 -9 23 -6 -1 -4 14 -8 -2 -17 28 19 22 27 -22 -19 29 -25 -26 -11 -20 -13 -3
right_child=1 9 3 4 10 -7 13 8 -10 26 -12 17 -14 -15 -16 16 -18 18 20 -21 21 -23 -24 24 25 -27 -28 -29 -30 -31
leaf_value=0.22240166260032881 -0.052693017987612382 -0.036359077888261253 0.15763896354513721 0.14610667533032259 0.10024376649076061 -0.026412248791797717 -0.052633180413474936 0.03628429108950592 0.28841695201245904 0.16320300452533976 0.29900344637898024 0.16474091828409149 0.33463772329541819 -0.013092199223945347 0.42464128074920721 0.42255507751675903 0.10349527208188875 0.2171337077666225 0.1414342009326742 0.39824091845075471 0.15734994535613389 0.28755961422571724 0.095395228384609884 -0.052116611816275138 0.92917971401117461 0.079864366910654308 -0.052249696273377048 -0.054713102955396192 -0.054671176456304205 0.10538987781402227
leaf_weight=5026.6377333849669 7.7018553167581549 420.12265089899302 147.23748929053545 32.218676917254925 228.61439358815551 149.95799120143056 5.1707379296421987 72.109183754771948 11.300971075892447 23.85929207876325 14.645068708807228 5.8516801148653022 16.682176820933819 199.57769965752959 5.4080715700984001 8.1552628278732318 16.444099511951208 173.00283881276846 13.182697713375093 17.160028144717216 145.67435576021671 33.993986535817385 25.141236554831266 23.437019493430853 1.3230731859803224 29.334666837006807 7.1574160642921916 13.230816029012201 8.7725779525935632 8.2389481142163259
leaf_count=1792 165 12502 1874 323 3962 3595 122 1188 48 311 86 31 104 5155 15 38 187 388 99 40 1100 170 145 611 10 604 189 181 143 187
internal_value=0.182458 0.0408264 0.0730586 0.0932143 0.0659153 0.00409842 0.0171309 0.140172 0.0704449 -0.0166247 0.11221 0.2195 0.175652 -0.00280064 0.191358 0.146809 0.209271 0.186049 0.191356 0.217353 0.164196 0.181986 0.201687 -0.0249893 0.0434554 0.116518 0.113485 0.0431819 0.0331233 -0.0336327
internal_weight=6891.34 1428.7 915.224 672.766 425.436 182.177 242.458 247.33 83.4102 513.473 243.259 5462.65 163.92 210.157 10.5788 32.3012 24.5994 436.01 421.386 215.304 206.082 179.668 198.144 482.456 54.0948 30.6577 31.0167 26.4135 14.6243 428.362
internal_count=35365 31276 16862 11180 7966 3918 5682 3214 1236 14414 4048 4089 1978 5292 137 390 225 2297 2123 573 1550 1270 533 13914 1225 614 500 280 174 12689
is_linear=0
shrinkage=0.05


Tree=4
num_leaves=31
num_cat=0
split_feature=9 0 9 1 1 1 0 4 9 5 5 5 5 5 9 0 2 4 0 4 4 9 1 1 1 5 5 9 9 0
split_gain=10743.2 537.044 513.609 415.57 378.299 358.687 273.13 230.4 203.822 195.158 488.627 305.252 349.972 214.776 181.641 150.957 125.949 126.914 127.999 123.765 83.5101 77.6668 119.608 62.8667 260.698 58.262 372.196 56.3129 50.0369 36.4347
threshold=0.96699740317463989 1.0014757722312477 0.8960351665440115 0.087792935120329721 0.0016963559818007348 0.0015333566061632722 0.99797597567644114 5.5000000000000009 1.1105709099141998 0.00019831441134796966 0.046353196112814021 0.00016375351784740603 1.0000000180025095e-35 0.018078569768942811 0.96076790277543289 0.97479819913742671 1.0000000180025095e-35 3.5000000000000004 1.0102982407552494 6.5000000000000009 1.5000000000000002 1.2233683662751009 -0.25458354073336642 0.05000941476729915 0.053229274123966504 0.028827992616032038 0.030531103980120339 0.94473545306063789 1.0019867492989027 0.84841191434953422
decision_type=2 2 2 2 2 2 2 2 2 2 2 2 2 2 2 2 2 2 2 2 2 2 2 2 2 2 2 2 2 2
left_child=2 3 29 4 5 7 -7 -2 16 11 13 12 14 15 -4 -11 23 18 -18 27 21 -10 -23 -3 -25 28 -27 -12 -6 -1
right_child=1 8 9 -5 25 6 -8 -9 20 10 19 -13 -14 -15 -16 -17 17 -19 -20 -21 -22 22 -24 24 -26 26 -28 -29 -30 -31
leaf_value=0.18782576281634755 0.069459070930660671 -0.041268385211406973 0.1524752520987338 0.27757428954974855 -0.052227565591609439 -0.052203574758605931 0.75261051108879873 -0.0081997082530819946 0.22073166380264683 0.069914359923650443 0.16062224534199443 0.36004675410685788 -0.054774148284414396 -0.054458016794394118 0.30530509474674039 0.46326423227504976 -0.051964084284452643 -0.052195940840722981 0.16714737869492735 -0.056104097925750142 -0.05228608383799415 0.28475034571965735 -0.053077026754985691 0.59495040502087715 -0.052381436600293201 0.80516796484335273 -0.052570208834595206 0.2339611372441501 0.054131620628621702 0.17092818496402307
leaf_weight=5515.0502065345645 529.22001129202545 372.74646329134703 185.84756715595722 19.31119241937995 114.34835584461689 1.5658482648432244 3.2261721752583981 116.54037047922611 14.117165789008142 82.661047622561455 76.215356670320034 18.644570805132389 19.178816914558411 44.060811039060354 21.713307794183493 2.5132928527891627 9.3025695569813234 21.082218490540981 23.510229885578156 5.5394178666174403 7.1245786026120177 3.7586548328399649 8.6491953916847688 2.0056214258074743 6.927663404494524 1.5132190324366073 7.7023058831691742 39.865490464493632 12.241972509771584 338.59747586399317
leaf_count=1610 9614 11628 1153 60 2881 40 32 2579 115 942 262 17 274 706 219 23 256 539 355 82 189 1 178 22 164 6 189 142 321 766
internal_value=0.156114 0.0236589 0.182708 0.0484245 0.0427971 0.0586422 0.489628 0.055444 -0.0188644 0.133869 0.102857 0.165572 0.14958 0.0351611 0.168463 0.0815212 -0.0280237 0.0435266 0.105028 0.174791 0.0996979 0.140521 0.0492595 -0.0381269 0.0929517 -0.0331059 0.0882732 0.185809 -0.0419421 0.186848
internal_weight=7624.78 1274.89 6349.89 805.669 786.358 650.552 4.79202 645.76 469.224 496.24 250.855 245.384 226.74 129.235 207.561 85.1743 435.575 53.895 32.8128 121.62 33.6496 26.525 12.4079 381.68 8.93328 135.806 9.21552 116.081 126.59 5853.65
internal_count=35365 29169 6196 15722 15662 12265 72 12193 13447 3820 2157 1663 1646 1671 1372 965 12964 1150 611 486 483 294 179 11814 186 3397 195 404 3202 2376
is_linear=0
shrinkage=0.05


Tree=5
num_leaves=31
num_cat=0
split_feature=9 9 5 9 9 5 9 2 5 1 9 4 9 2 5 5 5 5 4 4 6 5 1 4 2 6 5 5 1 6
split_gain=7686.72 343.439 327.688 303.924 408.951 404.434 314.536 368.888 305.289 401.57 194.167 175.517 158.439 138.423 136.02 131.932 128.568 438.459 111.612 109.013 107.822 534.751 191.641 107.056 131.435 132.107 101.966 181.793 80.1498 60.2275
threshold=0.95059864047967813 1.0004780680108294 0.035283868412023793 0.99992135667291082 0.98655830674057943 0.0076509969764271173 0.97970923754629891 1.0000000180025095e-35 0.0080759771060924211 0.012128983328218103 0.8960351665440115 3.5000000000000004 0.90021844339496782 1.0000000180025095e-35 0.01400565871630719 0.04451215428796141 3.3029815012134175e-05 2.6306560037495323e-05 6.5000000000000009 5.5000000000000009 0.0015099375863757982 0.0062932498075394415 -0.0079943344865724946 4.5000000000000009 1.0000000180025095e-35 -0.0099861617305891364 0.050275696128480728 0.0015084914359830774 -0.001669632696409906 -0.036143041966964599
decision_type=2 2 2 2 2 2 2 2 2 2 2 2 2 2 2 2 2 2 2 2 2 2 2 2 2 2 2 2 2 2
left_child=10 3 23 4 6 16 14 -8 -7 -10 -1 15 -12 18 -2 -4 17 -5 19 -14 22 -22 -6 24 25 -3 27 -15 -26 -17
right_child=1 2 11 5 20 8 7 -9 9 -11 12 -13 13 26 -16 29 -18 -19 -20 -21 21 -23 -24 -25 28 -27 -28 -29 -30 -31
leaf_value=0.16378876964587349 0.065940599059027202 0.15407623269303505 0.45969361729898134 0.090482812111739586 0.090072281835224227 0.67174024565745594 0.096672202189910669 0.31357127992152689 -0.052235929012715301 0.92967959540955225 -0.055763844110744525 -0.052303618006754475 0.11616762677253667 0.19166681014183468 -0.017025105191112538 0.20803141702374961 -0.052311168609885363 0.63602452752535987 -0.053845698377553187 0.23052854907320539 0.19395858552375855 -0.052522545493897468 -0.034699898430702571 -0.043079065524957445 0.21376758372236734 -0.011406133750080375 0.26126070668669016 -0.055530306509412479 0.052172693707803933 -0.052064588903975473
leaf_weight=6496.8062227591872 172.95774828270078 12.588476674631236 5.0138425901532235 161.34998888149858 35.739115372300148 5.3617820274084789 95.492131233215332 24.66642876341939 4.8911830056458712 1.3228595368564127 11.317585390061138 7.0529021117836228 296.45666785538197 41.538982909172773 69.154558636248112 14.467966476455334 14.507794741541145 3.7691338770091525 9.0513367261737567 22.413732342422009 36.59712590649724 55.189639447256923 221.54855899140239 148.63871703483164 9.7013711147010309 287.50414168648422 32.166226115077734 9.0596818737685663 36.707632329314947 2.6303465534001562
leaf_count=2415 2390 283 17 2261 400 5 1822 169 132 17 146 195 1729 163 1230 59 362 25 186 56 487 1416 5434 4505 134 8477 33 115 656 76
internal_value=0.139863 0.0341965 0.00201183 0.052893 0.0378504 0.108857 0.0750645 0.141198 0.395312 0.156796 0.161654 0.164882 0.128789 0.133875 0.0422431 0.234155 0.090397 0.102936 0.119292 0.124206 -0.000770559 0.0457542 -0.0173681 -0.00758162 0.0076457 -0.00446437 0.191655 0.147406 0.0859526 0.168019
internal_weight=8345.66 1426.85 524.305 902.548 711.345 191.203 362.271 120.159 11.5758 6.21404 6918.81 29.1651 422.004 410.687 242.112 22.1122 179.627 165.119 327.922 318.87 349.074 91.7868 257.288 495.14 346.502 300.093 82.7649 50.5987 46.409 17.0983
internal_count=35395 30552 14402 16150 13348 2802 5611 1991 154 149 4843 347 2428 2282 3620 152 2648 2286 1971 1785 7737 1903 5834 14055 9550 8760 311 278 790 135
is_linear=0
shrinkage=0.05


Tree=6
num_leaves=31
num_cat=0
split_feature=9 0 0 0 9 9 5 5 6 5 5 6 5 5 5 6 2 9 5 9 5 2 9 9 9 0 0 7 0 9
split_gain=6215.49 445.421 203.43 187.985 341.969 215.869 389.648 137.765 392.277 131.623 472.871 138.751 131.003 411.479 125.389 429.371 124.877 141.621 122.582 212.797 167.283 113.757 112.155 103.863 101.264 100.601 98.7494 91.8509 106.599 73.6171
threshold=0.95059864047967813 1.0014757722312477 0.87602931846699661 0.99990775278116384 0.98655830674057943 0.97970923754629891 0.027283392673848338 3.2271416690907417e-07 -1.0000000180025095e-35 0.0062014391025323459 0.0062932498075394415 5.3906903131284441e-05 0.015158855723465765 0.015376998384978842 0.00011991359479057865 -4.6646131728611533e-05 1.0000000180025095e-35 0.88471554883252079 1.0000000180025095e-35 0.94473545306063789 0.053495106629639071 1.0000000180025095e-35 0.8960351665440115 0.97720694084219706 0.98849186105817444 1.0010380571737927 0.94942097924715485 1.0000000180025095e-35 1.030742035123225 0.99992135667291082
decision_type=2 2 2 2 2 2 2 2 2 2 2 2 2 2 2 2 2 2 2 2 2 2 2 2 2 2 2 2 2 2
left_child=2 3 -1 4 5 23 -7 8 -3 14 -11 -12 -9 -14 15 -5 18 -18 19 -4 26 29 -19 -2 -23 -16 -20 -10 -29 -6
right_child=1 7 16 9 21 6 -8 12 27 10 11 -13 13 -15 25 -17 17 22 20 -21 -22 24 -24 -25 -26 -27 -28 28 -30 -31
leaf_value=0.14619487434263953 0.052943265828307995 0.84813519802536064 0.14343012912370795 0.59394357065439152 -0.021840824896734765 0.094562044542141066 0.40096031001640009 -0.046357581914991848 0.0089374244498130646 0.46155785696657409 0.15966206553979473 -0.0011548211873043119 0.47784389453614484 -0.0028679894669470032 -0.052670765960626878 0.070913132017504266 -0.061676839755056515 0.2614418756869879 0.022564340313626377 -0.058094029446263531 0.13169853564479789 0.3489187149503723 0.14467419118311151 -0.0532814249776183 0.056316611616322593 0.17515141371210058 0.12758879668571985 -0.052552140218027801 0.25296641470667081 0.042878773576483287
leaf_weight=6824.4634597748518 217.31501891463995 1.442828595638274 196.92994998022914 4.0037771910428992 250.65525181591511 113.6307744346559 11.418966151773928 237.9502936322242 148.15111873298883 10.035148514434693 30.079279160127044 24.206324655562639 4.8606855850666753 52.895472101867199 31.930943040177226 196.70413757488132 6.6546138152480117 28.179620072245598 112.70313491858542 14.032798040658234 86.781498555094004 3.2302625533193341 76.096635587513447 25.737119739875197 34.945681529119611 5.7124964185059062 27.927926858887076 4.3285066559910765 8.3873373791575414 53.278044255450368
leaf_count=2070 2962 22 739 16 5787 1690 116 7604 4078 7 371 349 28 1545 724 2751 49 48 1010 126 297 38 315 492 556 126 189 99 53 1138
internal_value=0.125118 0.0312714 0.143839 0.0497736 0.0357117 0.0691596 0.122541 -0.00964553 0.0273677 0.0827695 0.146242 0.0879527 -0.0299617 0.0375881 0.0656411 0.0813467 0.114566 0.161958 0.102574 0.130025 0.0771081 -0.000277393 0.176229 0.041695 0.0810752 -0.0180981 0.0434212 0.0200062 0.148967 -0.0104958
internal_weight=8844.67 1470.9 7373.77 1012.88 710.211 368.102 125.05 458.016 162.31 302.672 64.3208 54.2856 295.706 57.7562 238.351 200.708 549.306 110.931 438.375 210.963 227.413 342.109 104.276 243.052 38.1759 37.6434 140.631 160.867 12.7158 303.933
internal_count=35395 30552 4843 17123 12779 5260 1806 13429 4252 4344 727 720 9177 1573 3617 2767 2773 412 2361 865 1496 7519 363 3454 594 850 1199 4230 152 6925
is_linear=0
shrinkage=0.05


Tree=7
num_leaves=31
num_cat=0
split_feature=0 0 1 1 1 6 0 4 5 4 1 6 4 6 5 2 5 1 1 0 1 1 1 1 2 1 1 0 6 1
split_gain=5176.29 443.366 224.207 293.088 223.739 221.474 183.643 309.434 341.714 152.578 139.706 163.479 154.706 112.704 91.1652 87.5992 126.98 78.3048 77.2536 64.9291 62.9674 107.661 57.9215 108.071 56.0481 31.3854 54.2062 28.7337 22.1307 19.0368
threshold=0.94534068788701109 1.0000000413579333 0.087792935120329721 0.0040197792074020975 0.0039060977723197614 -0.025682203733224714 0.87602931846699661 2.5000000000000004 0.046353196112814021 3.5000000000000004 1.0000000180025095e-35 0.01076726791894689 2.5000000000000004 0.019086713809668813 0.00011991359479057865 1.0000000180025095e-35 0.00067457431223928775 0.022968514253092379 0.018190013100706396 0.98316686941649667 0.041706250554369002 0.053229274123966504 -0.10329562156376514 -1.0000000180025095e-35 1.0000000180025095e-35 0.24899288295565905 0.14305229657075158 0.96324818589345895 -1.0000000180025095e-35 0.012128983328218103
decision_type=2 2 2 2 2 2 2 2 2 2 2 2 2 2 2 2 2 2 2 2 2 2 2 2 2 2 2 2 2 2
left_child=6 2 3 4 5 -2 -1 17 15 10 11 14 -13 27 -3 -9 -17 18 -8 -15 28 -22 -10 -24 -19 26 -4 -5 -12 -11
right_child=1 9 25 13 -6 -7 7 8 22 29 20 12 -14 19 -16 16 -18 24 -20 -21 21 -23 23 -25 -26 -27 -28 -29 -30 -31
leaf_value=0.13266186817339798 0.20171864977765219 0.050208667960506825 0.13878092087749691 0.014677137126295012 0.57526924000472246 0.050416915841116274 0.12761456414617703 -0.055329935964283532 0.25635446995196959 -0.051685337639738906 0.0020373876822939768 0.29710878613913944 -0.052367295879285569 -0.055883029035903975 -0.027621137977155371 0.18645917202797793 -0.056410610549899501 -0.054626715780455797 0.28987278776814829 0.16245081869218045 0.14972082241292003 -0.053823876014416787 -0.060095994893876584 0.14209825781269764 0.13302052122128333 0.13872780743042087 0.34198201369052939 -0.052398750373179884 -0.051826661487064968 -0.0075624100513337032
leaf_weight=7149.6428414657712 24.872110735625029 125.80199736729264 6.6179711222648638 19.125477891415358 2.0679062008857718 877.55803763866425 340.89603942632675 62.635011427104473 7.983770675957202 148.13642110489309 24.069438764825463 10.995975350961087 4.4476101994514456 4.8141302019357708 53.679622048512101 10.464333385229112 11.080580275505779 10.006546085700394 7.4970897212624541 11.63463933393359 12.682921018451454 13.318561693653463 7.7803543247282496 43.880885444581509 6.6067489832639685 18.729982025921345 6.5108590573072433 96.652000207453966 91.797103783115745 29.277350002899766
leaf_count=2083 163 3047 41 341 22 12992 1081 852 6 4918 715 118 128 69 1654 24 132 144 26 67 159 263 65 108 20 22 15 2369 2867 884
internal_value=0.113584 0.0312705 0.0496276 0.0456127 0.0557774 0.054587 0.130596 0.101573 0.0394578 -0.00687777 0.0128901 0.0403629 0.196463 -0.0239189 0.0269312 -0.0254156 0.0615509 0.126049 0.131106 0.0985501 -0.0248573 0.0454605 0.131017 0.111647 0.0199965 0.180277 0.239553 -0.0413184 -0.0406373 -0.044404
internal_weight=9241.26 1582.79 1068.58 1036.72 904.498 902.43 7658.47 508.831 143.825 514.207 336.793 194.925 15.4436 132.226 179.482 84.1799 21.5449 365.006 348.393 16.4488 141.868 26.0015 59.645 51.6612 16.6133 31.8588 13.1288 115.777 115.867 177.414
internal_count=35395 30854 16101 16023 13177 13155 4541 2458 1187 14753 8951 4947 246 2846 4701 1008 156 1271 1107 136 4004 422 179 173 164 78 56 2710 3582 5802
is_linear=0
shrinkage=0.05


Tree=8
num_leaves=31
num_cat=0
split_feature=9 0 0 1 1 6 5 5 6 5 5 9 1 5 1 0 6 6 9 6 2 0 5 1 1 9 1 9 9 1
split_gain=4491.08 323.884 221.621 179.384 278.308 146.586 149.18 118.517 144.55 116.012 233.16 172.96 109.999 95.3026 78.1967 84.6894 71.2205 166.965 108.67 70.7042 70.3377 65.1032 64.0796 62.5435 64.1259 61.3764 44.1442 39.8996 21.7107 17.3207
threshold=0.95059864047967813 1.0014757722312477 0.87602931846699661 0.087792935120329721 0.0040197792074020975 -0.025682203733224714 0.016382341747121946 3.2271416690907417e-07 -1.0000000180025095e-35 0.015158855723465765 0.016548462718161346 1.0022776810754654 1.0000000180025095e-35 0.027283392673848338 -0.058461263724421668 0.92774740356083096 -0.032718672487115789 -0.0010555167213884829 0.89051775491469998 0.019086713809668813 1.0000000180025095e-35 1.0565459552001049 0.20009093039006096 0.041706250554369002 0.043501722287158824 0.97970923754629891 0.05000941476729915 0.96334340788393791 0.78075233748944217 -0.065508496043638162
decision_type=2 2 2 2 2 2 2 2 2 2 2 2 2 2 2 2 2 2 2 2 2 2 2 2 2 2 2 2 2 2
left_child=2 3 28 4 5 13 -7 8 -3 23 11 -11 20 -2 15 29 -16 18 -18 27 -10 -12 -19 -9 -25 -21 -14 -6 -1 -4
right_child=1 7 14 -5 19 6 -8 9 12 10 21 -13 26 -15 16 -17 17 22 -20 25 -22 -23 -24 24 -26 -27 -28 -29 -30 -31
leaf_value=0.12340571845209979 -0.053462430551812767 0.36019662594718627 0.093813794822028285 0.15106126023483604 0.03650397198757057 0.047492566283286602 -0.032702592070586511 -0.051536996555314865 0.029129248237521672 0.43160998349706081 -0.051822828537343352 0.076059627196217006 -0.051813945209894179 0.14973160769086155 0.15202139371044981 0.23379211889975218 0.191098655383243 0.089560960375947352 -0.056247505449910945 -0.052949639470369882 0.13261592387079393 0.10225703361822423 -0.060981158490999776 0.20581277394035929 -0.052209272251948116 0.24015210291107439 0.054428775414558456 -0.052283363867400658 0.11711240527561194 0.15211835019469225
leaf_weight=5554.1304180771112 6.5446094237267962 3.1350315809249869 46.468625336885452 35.859180636703968 14.392743498086928 817.7518965434283 62.416400816291571 211.80711443722248 79.294065296649933 5.3569140248000613 37.405759915709496 9.4621649235486966 54.073974214494228 48.794948641210794 35.893563786521554 17.544671278446913 5.1461199298501006 461.93167468346655 32.388411618769169 3.0584351643919936 20.707371797412634 8.3941552806645614 7.1786229684948912 4.8888566009700281 4.7453607879579067 4.2933989055454731 11.935249064117668 104.7038392201066 1819.3275048881769 17.54833097755909
leaf_count=1033 127 22 83 82 229 12530 1162 7462 2086 64 1188 126 1716 227 69 26 11 2116 395 62 251 195 57 17 125 3 177 2701 1037 16
internal_value=0.104339 0.0264145 0.119431 0.0410719 0.0373579 0.0467684 0.0418056 -0.00924815 0.0238432 -0.0290923 0.0321958 0.204587 0.0174913 0.125701 0.0908222 0.136469 0.08396 0.0791381 -0.0223355 -0.0322642 0.0505583 -0.0235833 0.0872573 -0.0458698 0.0787233 0.118219 -0.032604 -0.0415535 0.121853 0.109796
internal_weight=9546.58 1549.02 7997.56 1097.82 1061.96 935.508 880.168 451.206 169.146 282.06 60.619 14.8191 166.011 55.3396 624.1 81.5616 542.538 506.645 37.5345 126.448 100.001 45.7999 469.11 221.441 9.63422 7.35183 66.0092 119.097 7373.46 64.017
internal_count=35395 30552 4843 17123 17041 14046 13692 13429 4252 9177 1573 190 4230 354 2773 125 2648 2579 406 2995 2337 1383 2173 7604 142 65 1893 2930 2070 99
is_linear=0
shrinkage=0.05


Tree=9
num_leaves=31
num_cat=0
split_feature=9 0 0 0 9 5 5 9 9 5 1 9 6 6 5 6 9 1 1 1 5 2 2 6 2 5 9 2 9 5
split_gain=3929.2 280.669 237.132 179.309 250.15 161.794 161.275 143.385 159.051 125.74 92.6294 95.6902 90.2606 172.335 85.5754 83.2835 82.9929 70.9562 71.3273 70.2278 70.0919 66.7488 66.6978 73.8168 57.1248 54.4534 25.7979 10.7886 19.705 42.2369
threshold=0.95059864047967813 1.0000000413579333 0.87602931846699661 0.99998856840019723 0.98655830674057943 0.0062014391025323459 0.0062932498075394415 0.97970923754629891 0.98178848984358713 3.2271416690907417e-07 -0.0079943344865724946 0.99992135667291082 -7.3886988138538432e-05 -6.3058156200335156e-05 1.0000000180025095e-35 0.00032895130974086589 0.97720694084219706 0.024617294613363875 0.074105498205765633 -0.25458354073336642 0.15313134460521474 1.0000000180025095e-35 1.0000000180025095e-35 0.050692122213471198 1.0000000180025095e-35 0.00019831441134796966 0.81546828354049861 1.0000000180025095e-35 0.8960351665440115 0.10977293485861629
decision_type=2 2 2 2 2 2 2 2 2 2 2 2 2 2 2 2 2 2 2 2 2 2 2 2 2 2 2 2 2 2
left_child=2 3 26 4 7 9 -7 16 -9 24 14 -12 -3 -14 -6 -8 -2 20 -19 -15 22 -21 25 -24 -5 -4 -1 28 -28 -30
right_child=1 12 17 5 10 6 15 8 -10 -11 11 -13 13 19 -16 -17 -18 18 -20 21 -22 -23 23 -25 -26 -27 27 -29 29 -31
leaf_value=0.11434754438668332 0.040757015839293698 -0.051640536214793809 0.093218446343587613 0.072616270098994309 0.13989078915501571 0.28688833856006596 0.14938139605757356 0.16162933052256814 0.054067293860565017 -0.053316573105200687 -0.027177488232104377 0.03937279368958204 0.38252567523190456 0.1824789910221214 0.010869942069791671 0.014765803847319042 -0.053429627079584679 -0.054640556518852607 0.088238519897319054 -0.010248576573482455 -0.061611516320985639 0.045415267053576965 0.10405624550030973 0.21158639486099853 -0.0541312374182139 0.059272013400353651 0.10549581621719933 0.11608434239782738 0.0087643224746560902 0.1050693336048772
leaf_weight=6433.7352713271976 242.78051220625639 90.010882645845413 287.0349296592176 181.32056261599064 19.912673830986023 14.952584892511366 30.937389973551035 53.728017296642065 95.380173712968826 24.783432951197028 253.1033621262759 68.668527342379093 2.9789898060262194 5.2543892785906783 36.245141096413136 18.277774047106504 25.881838040426373 18.558673031628132 16.501666024327278 342.42124277539551 7.9696669019758692 63.907817389816046 107.41468877717853 18.745321948081255 9.3479817211627942 200.761892830953 837.53400325775146 216.7364607155323 16.875033095479012 34.995042636990547
leaf_count=1275 2963 3087 930 1940 150 5 215 491 1316 463 5874 1260 38 6 360 181 492 273 59 10540 61 1038 329 15 133 1106 575 126 67 27
internal_value=0.0967085 0.0245089 0.110624 0.0389449 0.0268413 0.0733872 0.143079 0.0535057 0.092825 0.0526309 -0.00263398 -0.0129752 -0.00625636 0.00359757 0.0566187 0.0993872 0.0316835 0.0818143 0.0126076 0.000854932 0.0857158 -0.00149371 0.0876282 0.120033 0.0664022 0.0792472 0.113135 0.106081 0.103644 0.0737382
internal_weight=9776.76 1579.89 8196.86 1075.32 795.7 279.62 64.1677 417.771 149.108 215.452 377.93 321.772 504.573 414.562 56.1578 49.2152 268.662 656.987 35.0603 411.583 621.927 406.329 613.957 126.16 190.669 487.797 7539.88 1106.14 889.404 51.8701
internal_count=35395 30552 4843 15843 12906 2937 401 5262 1807 2536 7644 7134 14709 11622 510 396 3455 2773 332 11584 2441 11578 2380 344 2073 2036 2070 795 669 94
is_linear=0
shrinkage=0.05


Tree=10
num_leaves=31
num_cat=0
split_feature=0 9 1 4 5 1 5 5 0 5 5 5 1 1 9 0 5 6 0 0 1 9 1 5 6 1 9 1 5 5
split_gain=3760.77 433.792 260.985 170.823 178.73 185.147 115.117 109.338 249.083 166.236 155.087 193.729 114.512 106.138 103.61 130.615 102.383 73.7955 57.5553 45.3106 29.4335 25.8438 71.2459 23.0541 79.3568 36.1826 99.7737 19.1502 10.573 15.0568
threshold=0.89424881741754569 0.980788214416069 0.087792935120329721 3.5000000000000004 0.010987456048782642 1.0000000180025095e-35 3.0142212448570062e-05 0.00019831441134796966 0.98049433188610757 0.059894693841789921 0.00016375351784740603 1.0000000180025095e-35 -0.065508496043638162 0.14305229657075158 0.98178848984358713 0.95786795123293833 0.15313134460521474 0.0055909094710711602 0.82432629697368109 1.005040904928771 -0.012513862005822994 0.9833231115381339 0.24899288295565905 0.050275696128480728 -0.025682203733224714 0.015584090267302732 0.84448106573143 0.0087033329592945425 0.0636704152887443 0.059894693841789921
decision_type=2 2 2 2 2 2 2 2 2 2 2 2 2 2 2 2 2 2 2 2 2 2 2 2 2 2 2 2 2 2
left_child=18 7 3 4 6 -6 -3 8 10 12 11 -2 -9 -14 15 -5 20 21 -1 -16 -11 -4 -23 24 -20 27 -27 -26 29 -25
right_child=1 2 17 14 5 -7 -8 9 -10 16 -12 -13 13 -15 19 -17 -18 -19 23 -21 -22 22 -24 28 25 26 -28 -29 -30 -31
leaf_value=0.10693276344906394 0.070646061190399012 0.023565358226277155 0.20833599578469633 0.42265392569010984 0.11614325145324692 -0.052537185874905405 -0.020639133393066084 0.13606488477089815 0.31611282177924582 0.15217512830156696 0.17445101091104684 -0.055948407108381608 0.0052070392823388104 0.26445579667554003 -0.013719818148966568 0.039507789467854978 -0.060364395568807877 0.26789149092626613 -0.065984148099217793 -0.051495012068657878 0.090699013612104459 -0.055201705804825155 0.12186075952830074 0.10437534927095782 0.091665175847170571 0.093019713819779373 -0.06641968418793992 0.12366646836858833 0.1016586963698235 0.15892721705731352
leaf_weight=6772.4626872390509 382.28990187868476 537.59954425320029 4.7877675890922538 2.7141363248229018 80.977376049384475 20.357426032423973 202.85471218265593 19.142799593508244 10.422000002115963 29.384079150855541 32.25797806493938 32.814885197207332 251.52089181169868 4.010946959257125 261.5315049123019 12.326119907200335 9.630380801856516 7.8284181561321011 8.144094876945017 113.97898078151047 57.707973904907703 7.2135292608290902 26.746575735509396 29.254019889980555 589.86562933400273 36.315483748912811 13.444870594888924 50.773656409233809 147.64972688257694 22.284178867936134
leaf_count=1393 2149 9883 5 6 837 565 5339 38 25 32 40 424 3160 6 5784 110 80 40 66 4237 226 121 59 44 636 26 97 27 113 19
internal_value=0.0890996 0.0299523 0.0116895 0.00729834 0.0199782 0.0822566 0.0114551 0.0581207 0.0744745 0.0379629 0.0688452 0.0606385 0.0181126 0.00927633 -0.0200317 0.10865 0.0943344 0.127872 0.105356 -0.0251858 0.111441 0.0995828 0.0842506 0.0934596 0.089181 0.0910113 0.0499404 0.0942014 0.108465 0.127963
internal_weight=9778.29 2108.1 1278.92 1232.34 841.789 101.335 740.454 829.182 457.785 371.397 447.363 415.105 274.675 255.532 390.551 15.0403 96.7224 46.5763 7670.19 375.51 87.0921 38.7479 33.9601 897.732 698.544 690.4 49.7604 640.639 199.188 51.5382
internal_count=35587 33166 26986 26761 16624 1402 15222 6180 2638 3542 2613 2573 3204 3166 10137 116 338 225 2421 10021 258 185 180 1028 852 786 123 663 176 63
is_linear=0
shrinkage=0.05


Tree=11
num_leaves=31
num_cat=0
split_feature=0 9 1 4 1 2 6 1 1 1 9 1 9 9 1 4 0 1 1 0 2 1 1 4 9 9 6 4 0 0
split_gain=3422.01 368.337 218.892 153.622 166.53 120.618 109.246 98.8666 236.816 89.3362 88.3926 89.0311 84.0783 66.9434 80.0803 67.7503 62.6006 60.2595 54.3068 44.6815 24.8736 38.4492 36.395 43.5402 47.9441 23.7273 19.2375 8.60293 8.02299 6.70963
threshold=0.89424881741754569 0.980788214416069 0.087792935120329721 3.5000000000000004 1.0000000180025095e-35 1.0000000180025095e-35 0.029680778429324598 0.0028658193219045507 0.0027622560023129465 0.00039267543666832166 0.98178848984358713 -0.0022009293447712293 0.98023391924460312 0.84448106573143 0.087792935120329721 1.5000000000000002 0.82432629697368109 0.10637349610893444 0.24899288295565905 1.005040904928771 1.0000000180025095e-35 -0.058461263724421668 -0.047966522630089763 3.5000000000000004 0.85613749570892383 0.88471554883252079 -0.0041608073337630605 2.5000000000000004 0.77403764581199941 0.99998856840019723
decision_type=2 2 2 2 2 2 2 2 2 2 2 2 2 2 2 2 2 2 2 2 2 2 2 2 2 2 2 2 2 2
left_child=16 7 3 4 6 -6 -3 8 9 12 11 -5 -2 -9 15 -15 28 -4 -19 -12 22 -22 -18 24 -24 -23 -25 -27 -1 -20
right_child=1 2 17 10 5 -7 -8 13 -10 -11 19 -13 -14 14 -16 -17 20 18 29 -21 21 25 23 26 -26 27 -28 -29 -30 -31
leaf_value=0.10167790868001217 0.056896674075189384 0.02948339087552726 0.23239923518018313 0.18634003253989526 -0.037055692248166731 0.06984396287987675 0.30475351617805213 0.11813853729816935 0.29036644217407503 -0.055392106330914528 -0.013195850115475955 -0.053707732852340775 0.16921318855910975 0.029109435128593122 0.10833594743477866 -0.05359775483797441 0.097993203274998109 -0.054811737303766352 0.1418093872053898 -0.051420446349016852 0.017095727217684348 0.097520292655217222 0.081012360442946407 0.11076515684427946 0.042747715340302306 0.16695566965016087 0.066821781424413432 0.12289556009804128 0.097057407523783099 0.09575374012429988
leaf_weight=5690.8940677940845 684.09483926184475 647.07152399793267 8.8484194558113796 10.078785866498949 172.97073690965772 31.137819059193134 3.6245444398373357 13.490806095302103 11.024999544024466 17.296998063102365 258.40182539448142 6.262888651341199 17.078342195600271 45.625122718513012 14.943548932671545 54.145818121731281 249.48808603733778 5.6918064188212147 12.120293602347372 108.57341510243714 12.389992609620093 140.7941867262125 193.72849607467651 94.041060242801905 141.76559367403388 16.705589391291142 33.878239713609219 32.89286807924509 1125.2731929719448 22.755064222961664
leaf_count=1015 4229 10941 52 9 5180 461 42 15 12 245 5784 107 91 481 47 1060 127 102 7 4237 27 100 191 85 392 22 47 37 378 64
internal_value=0.083764 0.0278912 0.0109812 0.00686256 0.0186565 -0.0207476 0.0310167 0.0532756 0.0603921 0.0568632 -0.0194382 0.0943426 0.0596323 0.0127821 0.000391849 -0.0157759 0.0992661 0.114175 0.0883886 -0.024505 0.0869913 0.102443 0.0825962 0.0743069 0.0648433 0.107997 0.0991272 0.137736 0.100915 0.11176
internal_weight=9877.09 2145.24 1287.54 1238.12 854.805 204.109 650.696 857.7 729.495 718.47 383.317 16.3417 701.173 128.205 114.714 99.7709 7731.85 49.4156 40.5672 366.975 915.684 202.783 712.901 463.413 335.494 190.393 127.919 49.5985 6816.17 34.8754
internal_count=35587 33166 26986 26761 16624 5641 10983 6180 4577 4565 10137 116 4320 1603 1588 1541 2421 225 173 10021 1028 186 842 715 583 159 132 59 1393 71
is_linear=0
shrinkage=0.05


Tree=12
num_leaves=31
num_cat=0
split_feature=0 0 1 4 4 5 1 4 5 1 1 9 0 5 0 1 1 1 2 2 1 0 1 1 5 9 5 9 0 1
split_gain=3152.24 316.208 149.691 121.983 118.419 136.018 109.921 108.088 117.219 94.0343 165.176 70.2797 68.2275 67.3596 56.4125 48.3471 106.949 26.017 47.5455 19.947 33.6189 37.5196 51.2948 32.8249 19.6156 17.8729 13.6433 8.95098 8.26873 3.40798
threshold=0.89424881741754569 0.98417110034496114 0.05000941476729915 8.5000000000000018 7.5000000000000009 0.010652675549059496 0.0040197792074020975 4.5000000000000009 0.043075982712633749 0.0028658193219045507 0.0027622560023129465 0.92574062103268606 0.82432629697368109 0.12657064981965302 1.0000000413579333 0.053229274123966504 0.24899288295565905 0.041706250554369002 1.0000000180025095e-35 1.0000000180025095e-35 -0.047966522630089763 0.84841191434953422 0.014450322103860659 -0.058461263724421668 0.015855788655411183 0.89051775491469998 0.016382341747121946 0.86695158232753722 0.77403764581199941 0.0046139912389284174
decision_type=2 2 2 2 2 2 2 2 2 2 2 2 2 2 2 2 2 2 2 2 2 2 2 2 2 2 2 2 2 2
left_child=12 3 6 4 9 -6 7 8 -3 10 -2 -11 28 15 -9 -4 -17 26 -19 20 -14 24 -23 -21 -22 27 -8 -25 -1 -30
right_child=1 2 13 -5 5 -7 17 14 -10 11 -12 -13 19 -15 -16 16 -18 18 -20 23 21 22 -24 25 -26 -27 -28 -29 29 -31
leaf_value=0.096561844405518127 0.052196856598368216 0.015746530490410793 0.22908457096439294 -0.053176121610830733 0.27435467652599071 -0.053217802022259952 -0.042368228301227898 0.00065297641901710789 0.096284738985378537 0.064680091126690778 0.2315312604712661 -0.014452455044746394 0.092161615776579373 0.29392025040469938 -0.051489690605855801 -0.053795611050984994 0.10659895686413701 -0.052742863681939069 0.13047299171927365 0.016198901266823666 0.068973204921449371 0.062609401209259993 -0.016583967542451325 0.098947887984733182 0.09680597000464157 0.13089948664462925 -0.0031001009079212067 0.070169429000960709 0.092886845210491176 0.084398952161474861
leaf_weight=5692.6157129257917 756.19552724994719 726.41895945928991 4.5774054359644643 29.023963209241629 11.694942267611625 4.3468681946396819 139.10585331916809 138.68911205045879 48.174962174147367 40.338164165616035 13.06158724054694 92.167621007189155 251.94061489403248 3.7030380666255942 82.863508341833949 14.738086851313708 35.251168332993984 7.4443182684481126 6.7532230392098427 12.421312645077704 129.32199236750603 194.12474330514669 22.854581937193871 122.68212375044823 124.0044117718935 37.798947054892778 26.302126863971353 34.6508419662714 994.93484231829643 134.21260304749012
leaf_count=1015 4770 13799 40 616 42 98 4805 2483 217 262 13 1420 127 36 3239 312 59 173 38 27 128 418 114 59 55 39 744 61 314 64
internal_value=0.0791141 0.0260092 0.00933226 0.0477447 0.0509362 0.185592 0.00545549 0.0119471 0.0207555 0.0485407 0.0552419 0.00963752 0.0940547 0.0875567 -0.018849 0.0735524 0.0593106 -0.0305488 0.0344059 0.0813487 0.0774229 0.0695274 0.0542679 0.09501 0.0825975 0.100027 -0.0361241 0.0926098 0.0957866 0.091878
internal_weight=9932.41 2180.85 1234.02 946.829 917.805 16.0418 1175.75 996.147 774.594 901.763 769.257 132.506 7751.56 58.2697 221.553 54.5667 49.9893 179.606 14.1975 929.8 722.246 470.306 216.979 207.553 253.326 195.132 165.408 157.333 6821.76 1129.15
internal_count=35587 33166 25945 7221 6605 140 25498 19738 14016 6465 4783 1682 2421 447 5722 411 371 5760 211 1028 842 715 532 186 183 159 5549 120 1393 378
is_linear=0
shrinkage=0.05


Tree=13
num_leaves=31
num_cat=0
split_feature=0 0 4 5 4 4 5 5 6 2 0 0 5 6 6 6 5 5 0 0 2 9 5 4 6 8 9 9 9 0
split_gain=2932.16 270.737 125.683 124.069 107.335 85.6751 92.2014 83.6048 202.191 79.3536 77.2432 73.2869 71.2316 66.3414 151.397 79.8808 51.222 311.447 78.09 37.7113 16.5547 25.4719 35.0778 91.6304 17.0381 15.0392 13.9556 8.80051 16.296 9.22311
threshold=0.89424881741754569 0.98417110034496114 4.5000000000000009 0.043075982712633749 8.5000000000000018 7.5000000000000009 0.010652675549059496 3.3029815012134175e-05 3.1203286816217097e-05 1.0000000180025095e-35 0.99836508051886563 0.82432629697368109 0.15313134460521474 -0.0010555167213884829 -0.00071157955323491995 -0.025682203733224714 0.0057444544366734192 0.0062932498075394415 1.0000000413579333 0.9921279064684746 1.0000000180025095e-35 0.87602355217232619 0.053495106629639071 2.5000000000000004 -0.0090801915141425753 1.0000000180025095e-35 0.9288092248584382 0.88471554883252079 0.90830921481386595 0.86854195906969534
decision_type=2 2 2 2 2 2 2 2 2 2 2 2 2 2 2 2 2 2 2 2 2 2 2 2 2 2 2 2 2 2
left_child=11 4 3 7 5 13 -7 8 -3 -9 -5 -1 -12 15 -15 -2 -4 18 -18 -19 21 24 23 -23 -13 -26 -24 29 -29 -22
right_child=1 2 16 10 -6 6 -8 9 -10 -11 12 20 -14 14 -16 -17 17 19 -20 -21 27 22 26 -25 25 -27 -28 28 -30 -31
leaf_value=0.091362766655734826 0.062966548028179498 0.02233355293725222 -0.052094235557512303 -0.058687458223455904 -0.053016085620963972 0.21516145390248048 -0.053059870816000332 -0.017208706655157276 0.47982403466180873 0.05372196655733557 0.12975693524004775 0.10033120390096668 -0.059453618574792345 0.21283794725161381 0.047986993423256706 -0.0088106829415723464 0.20467065618763203 0.016302565306311204 -0.051242052906379225 -0.042364226265236178 0.089150881539995785 0.06115450602159133 0.062684028038375847 -0.06372545558875474 0.070270575287591924 0.092373694490364075 0.10793570298630391 0.12348320844516364 0.065401671746540976 0.059752658616067759
leaf_weight=6795.0385371893644 59.873179707676172 570.54449133574963 89.035870937630534 7.8763012737035742 27.689682453870773 14.091446753591301 4.1468654572963706 283.52418904006481 2.4253774862736455 45.800768502056599 46.195227764546871 72.966615363955498 5.5744241103529921 14.193093780428169 744.31392294354737 109.93455338664353 19.614604730159048 34.637790391221642 3.5151417180895796 130.94877381250262 119.79578183591366 65.567480325698853 42.380177453160286 18.929929923266172 405.26303466036916 94.998416095972061 28.493119165301323 39.303955651819706 17.433181539177895 34.323404051363468
leaf_count=1393 352 9871 2770 78 616 42 98 7315 4 552 214 20 62 58 4411 1644 115 667 154 4143 69 146 56 149 406 31 34 39 31 47
internal_value=0.0750302 0.0242937 0.00879351 0.0173482 0.0440173 0.0468558 0.154176 0.0127314 0.0242701 -0.00734404 0.0871893 0.0895531 0.109383 0.0447474 0.0510717 0.0164975 -0.0208341 -0.00608558 0.165778 -0.0300922 0.0764635 0.0728929 0.0549358 0.0331777 0.0777601 0.0744679 0.0808765 0.0888015 0.105637 0.0826037
internal_weight=9948.43 2213.94 1239.69 961.941 974.243 946.553 18.2383 902.295 572.97 329.325 59.646 7734.49 51.7697 928.315 758.507 169.808 277.752 188.716 23.1297 165.587 939.455 728.599 155.371 84.4974 573.228 500.261 70.8733 210.856 56.7371 154.119
internal_count=35587 33166 25945 18096 7221 6605 140 17742 9875 7867 354 2421 276 6465 4469 1996 7849 5079 269 4810 1028 842 385 295 457 437 90 186 70 116
is_linear=0
shrinkage=0.05


Tree=14
num_leaves=31
num_cat=0
split_feature=0 0 1 1 1 6 4 4 1 0 4 6 1 9 6 0 1 0 0 1 0 9 0 9 1 1 9 4 1 0
split_gain=2749.7 233.464 126.676 96.7685 96.0043 170.696 109.144 95.027 81.7138 79.2878 72.1247 72.7631 58.3822 55.3689 48.0531 45.5139 40.5487 24.7754 175.607 17.2646 58.4147 61.5777 17.6142 46.1924 63.2645 35.9133 8.47701 6.00453 6.96793 4.66289
threshold=0.89424881741754569 0.98417110034496114 0.05000941476729915 0.0040197792074020975 0.0039060977723197614 -0.0099861617305891364 3.5000000000000004 8.5000000000000018 -0.065508496043638162 0.8107243397690993 7.5000000000000009 -0.0010555167213884829 -0.074537891757807104 0.97343912030330337 0.074591253878676059 1.0082595286537626 0.24899288295565905 1.0048804011503341 1.005040904928771 0.021269853986354063 0.84841191434953422 0.75666363636363643 0.87602931846699661 0.88471554883252079 -0.04357088046994808 -0.016037263114430097 0.99706874218312425 3.5000000000000004 -0.047966522630089763 0.77403764581199941
decision_type=2 2 2 2 2 2 2 2 2 2 2 2 2 2 2 2 2 2 2 2 2 2 2 2 2 2 2 2 2 2
left_child=9 7 3 4 6 -6 -3 8 12 29 11 -10 -2 -12 15 26 -17 -5 -19 22 -21 -22 27 24 -24 -25 -4 28 -11 -1
right_child=1 2 14 17 5 -7 -8 -9 10 19 13 -13 -14 -15 -16 16 -18 18 -20 20 21 -23 23 25 -26 -27 -28 -29 -30 -31
leaf_value=0.088355050330753068 0.042995611485959907 0.019689646398145473 0.0598420627646176 -0.051893028937607139 0.57477868689687672 -0.052289533289980185 -0.017186820576931619 -0.052864384781868702 0.0068290564948708544 0.082561692398099601 0.17094571308619724 0.04428427796800697 0.15107633008282947 -0.053972500318544558 0.23808189292143031 -0.052983882270652094 0.089209434196562312 0.35049035242649734 -0.025719161565055229 0.075289045421779749 0.11521548322424419 -0.068051650945673711 0.074889534567149432 0.021981384869470457 -0.068371014174475706 0.091345689005846276 0.11457564684692881 0.085716407464989597 0.07274722582696326 0.084338218834190529
leaf_weight=5619.0222256481647 21.83770240470767 729.8969864025712 9.6522311288863403 73.515831941738725 2.0628188066184521 2.2900982275605193 276.7235663831234 26.412915278226137 156.9892085455358 273.53163452446461 16.640681991353635 745.01963298022747 29.203936062753201 3.2747270055115214 4.3780759628862134 11.925368404015899 8.6506220772862434 3.2046893369406453 96.678697895258665 73.734242558479309 6.3779888153076199 16.290329422801733 15.800755284726621 24.509321309626102 15.043124616146086 78.196702416986227 26.485479403287172 201.75707560032606 533.71273235231638 829.08678375184536
leaf_count=1015 60 12589 42 2320 2 68 7079 616 1974 127 78 4407 25 61 29 270 43 34 3406 47 1 111 18 73 80 147 63 100 452 250
internal_value=0.0713956 0.022712 0.008268 0.00464642 0.0105654 0.244874 0.00955217 0.0407126 0.0432529 0.0856127 0.0398435 0.0377654 0.104835 0.133962 0.0784787 0.066158 0.00679748 -0.0298631 -0.0136487 0.0740281 0.0537085 -0.0164874 0.0757425 0.0586783 0.00501874 0.0747929 0.0999565 0.0780011 0.0760728 0.0878386
internal_weight=9931.91 2244.84 1245.46 1184.37 1010.97 4.35292 1006.62 999.379 972.966 7687.06 921.924 902.009 51.0416 19.9154 61.0918 56.7137 20.576 173.399 99.8834 1238.95 96.4026 22.6683 1142.55 133.55 30.8439 102.706 36.1377 1009 807.244 6448.11
internal_count=35587 33166 25945 25498 19738 70 19668 7221 6605 2421 6520 6381 85 139 447 418 313 5760 3440 1156 159 112 997 318 98 220 105 679 579 1265
is_linear=0
shrinkage=0.05


Tree=15
num_leaves=31
num_cat=0
split_feature=9 9 9 9 1 9 6 4 1 1 1 1 6 9 9 7 9 6 1 9 9 9 1 1 7 8 9 6 6 4
split_gain=2490.67 205.238 141.997 204.332 148.781 147.702 118.406 111.651 93.2461 90.3517 75.6715 79.8064 66.3915 60.9222 56.4344 53.4615 105.592 39.9962 44.1777 39.7628 55.579 28.8568 27.5763 466.912 25.3551 19.8844 15.2577 8.45299 12.2313 6.66718
threshold=0.8960351665440115 0.98655830674057943 0.99576044879673797 0.99626253622794114 0.05000941476729915 0.99992135667291082 0.0029269043175456093 8.5000000000000018 -0.0079943344865724946 -0.038174853288864767 -0.025056321140676848 -0.022321372471672814 0.074591253878676059 0.97970923754629891 0.84448106573143 1.0000000180025095e-35 0.98849186105817444 -0.0090801915141425753 -0.047966522630089763 0.87602355217232619 0.88471554883252079 0.90830921481386595 -0.00038401488364747655 -0.00040629993843771523 1.0000000180025095e-35 1.0000000180025095e-35 0.78075233748944217 2.1549587729874368e-05 0.00036684755820903808 1.5000000000000002
decision_type=2 2 2 2 2 2 2 2 2 2 2 2 2 2 2 2 2 2 2 2 2 2 2 2 2 2 2 2 2 2
left_child=14 7 15 6 5 -5 8 9 -4 13 25 -12 -6 21 26 22 -17 -16 29 24 -21 -2 23 -3 -20 -11 -1 -28 -29 -19
right_child=1 2 3 4 12 -7 -8 -9 -10 10 11 -13 -14 -15 17 16 -18 18 19 20 -22 -23 -24 -25 -26 -27 27 28 -30 -31
leaf_value=0.084857972900690123 0.0041468537820507547 -0.031885934202190935 0.2049142354316591 -0.042732290977450425 0.075497202394748622 0.014611236099815048 0.19158700061887338 -0.054711811147891004 -0.052777970007406763 -0.060358794634990609 0.13850079385042727 0.036384705655665921 0.29423376488598768 0.19813932759810016 0.082826052001766876 0.28852847902443729 -0.053444518672087139 0.084466437441690717 0.048965858626742145 -0.064695988442999716 0.038114756514578491 0.078592723755665922 -0.052468193425333244 0.9079039452020029 0.09696745695101347 0.010301313022559249 0.080567607797390264 0.030620151213199855 0.073345686198836177 0.063443742601589234
leaf_weight=5579.8190146759152 14.762578986585138 58.156680958345532 4.9315542578697231 131.54767115786672 52.77410257793963 767.22673791460693 25.42924889549613 31.368747862055898 12.182575695216654 23.886417804285884 19.546914052218199 904.19692342169583 3.7131231836974612 9.9848166257143003 306.59048569202423 3.78108370490372 5.6011476833373308 123.54964829981327 133.15347871556878 16.887766528874636 59.319575928151608 110.07687508314848 114.81877611018717 1.3523754868656386 34.674079909920692 17.072802893817425 1114.0310811698437 18.455199688673019 181.39196175336838 54.285028852522373
leaf_count=1067 50 1004 18 3128 377 17125 82 648 301 210 77 6616 21 18 127 26 101 47 247 108 195 258 3055 11 19 82 389 25 129 49
internal_value=0.0685285 0.0230758 0.00850249 0.0159401 0.0111651 0.00621824 0.123156 0.0383014 0.0214778 0.040955 0.0355968 0.0385455 0.0898756 0.0792947 0.082318 -0.0318942 0.0843722 0.0690829 0.0590952 0.0452829 0.0153316 0.0697893 -0.0381516 -0.0105287 0.0588832 -0.0309059 0.0837165 0.078869 0.0694001 0.0780491
internal_weight=9934.57 2312.41 1181.52 997.805 955.262 898.774 42.5434 1130.9 17.1141 1099.53 964.703 923.744 56.4872 134.824 7622.16 183.71 9.38223 728.46 421.87 244.035 76.2073 124.839 174.328 59.5091 167.828 40.9592 6893.7 1313.88 199.847 177.835
internal_count=35610 33208 25249 21052 20651 20253 401 7959 319 7311 6985 6693 398 326 2402 4197 127 792 665 569 303 308 4070 1015 266 292 1610 543 154 96
is_linear=0
shrinkage=0.05


Tree=16
num_leaves=31
num_cat=0
split_feature=0 0 0 0 5 5 1 1 1 0 1 5 5 5 6 5 0 5 5 5 0 6 0 0 1 6 5 6 6 6
split_gain=2452.4 230.599 126.547 187.586 131.177 123.745 106.691 92.9548 86.6164 70.8788 59.6495 51.7066 102.332 83.6241 59.9048 47.1931 46.8427 46.2209 163.286 63.9994 39.4402 34.9672 47.9377 85.3176 38.4105 10.1913 6.0558 19.6418 7.86967 6.27238
threshold=0.87602931846699661 1.0000000413579333 0.99990775278116384 0.98417110034496114 0.027283392673848338 0.030531103980120339 -0.038174853288864767 0.24899288295565905 0.041706250554369002 0.97479819913742671 -0.25458354073336642 0.0062014391025323459 3.6165844958693776e-05 0.0062932498075394415 -4.6646131728611533e-05 0.013758136073238945 0.79607143489532584 0.015158855723465765 0.016548462718161346 0.00011991359479057865 0.95929190099049888 0.074591253878676059 1.0082595286537626 1.0081073666845313 0.043501722287158824 -0.087718746923348898 0.059894693841789921 -0.032718672487115789 -0.051019995646026821 -0.012496204571399992
decision_type=2 2 2 2 2 2 2 2 2 2 2 2 2 2 2 2 2 2 2 2 2 2 2 2 2 2 2 2 2 2
left_child=16 2 3 6 7 -6 20 -5 10 -8 -3 12 14 -13 -4 -15 -1 19 -19 -12 -2 22 23 -10 -24 -18 27 28 -27 -29
right_child=1 8 11 4 5 -7 9 -9 21 -11 17 13 -14 15 -16 -17 25 18 -20 -21 -22 -23 24 -25 -26 26 -28 29 -30 -31
leaf_value=0.081736750640058725 0.061906445954666912 0.13994382902601352 0.24096908997138372 -0.020009487025247491 0.19497291601865976 0.018842160063142922 0.020879597112894537 0.11563816241188823 -0.053148281586708895 0.053895506533665073 -0.0040323197494635038 0.17671106959415517 -0.053037206230185291 0.0022757935180992782 0.052152253148376626 0.090765207641317944 0.025631747022482828 0.14867764308514608 -0.026111255707981024 -0.044301127036450415 0.1372726199144273 0.17649650459823263 0.12517501365327771 0.34478424827569415 -0.0076798310769850518 0.053010315860380755 0.078854705072757839 0.082906176166238368 0.0003396772134275284 0.070258324758367519
leaf_weight=6019.1905220001936 152.76120183989406 6.2049871534109107 4.2770788446068755 352.65290384925902 14.543532203882931 31.727567667141557 774.24608159065247 13.098629370331762 2.3140573613345614 205.75903737731278 214.2175978757441 21.071805953979492 23.870570965111256 21.910977605730295 235.1889279820025 48.240232612937689 11.941858068108557 18.498578583821654 48.116683807224035 182.92244074307382 19.584581643342972 5.5418290607631198 6.8470496237277976 3.2230750322341919 26.483171800151467 15.969007387757303 263.1548178344965 108.64899176359177 12.75741984695196 1002.527947537601
leaf_count=1159 310 8 2 7559 31 307 5181 5 47 2004 5458 4 488 268 2204 187 27 190 1398 7341 63 30 30 3 428 17 136 44 32 649
internal_value=0.0655516 0.0219823 0.0299514 0.0238386 -0.00511693 0.0742021 0.0341916 -0.0151515 -0.00774753 0.0278115 -0.0140548 0.0569221 0.0456839 0.0893636 0.0555247 0.0631265 0.0798124 -0.0161152 0.0224264 -0.0225801 0.0704707 0.0589987 0.0422455 0.178482 0.0196126 0.0716265 0.072018 0.0704397 0.0296193 0.071495
internal_weight=9867.49 2433.3 1918.93 1564.37 412.023 46.2711 1152.35 365.752 514.369 980.005 469.96 354.56 263.337 91.223 239.466 70.1512 7434.19 463.755 66.6153 397.14 172.346 44.4092 38.8674 5.53713 33.3302 1415 1403.06 1139.9 28.7264 1111.18
internal_count=35610 33546 18613 15460 7902 338 7558 7564 14933 7185 14395 3153 2694 459 2206 455 2064 14387 1588 12799 373 538 508 50 458 905 878 742 49 693
is_linear=0
shrinkage=0.05


Tree=17
num_leaves=31
num_cat=0
split_feature=0 0 0 0 5 0 1 1 1 1 1 0 1 1 1 5 5 5 2 1 0 6 0 1 1 1 6 0 6 2
split_gain=2341.55 203.298 106.629 156.399 110 106.706 93.2008 80.2883 75.863 59.756 51.4672 51.055 50.2754 201.667 62.1806 48.2341 88.1968 62.7235 50.0983 43.9899 28.5803 25.5394 35.7148 32.028 23.2119 169.467 9.4953 7.09196 16.0613 12.8508
threshold=0.87602931846699661 1.0000000413579333 0.99998856840019723 0.98417110034496114 0.027283392673848338 0.99740981557957575 -0.038174853288864767 0.24899288295565905 0.041706250554369002 0.074105498205765633 1.0000000180025095e-35 0.79607143489532584 -0.0002268792775623196 -0.00019508822753266927 -0.25458354073336642 0.0062014391025323459 3.2271416690907417e-07 0.0062932498075394415 1.0000000180025095e-35 -0.0066929313560498685 0.95929190099049888 0.074591253878676059 1.0082595286537626 0.043501722287158824 0.0091033726991008885 0.0092496371726692467 -0.087718746923348898 0.84841191434953422 -0.045882999179252031 1.0000000180025095e-35
decision_type=2 2 2 2 2 2 2 2 2 2 2 2 2 2 2 2 2 2 2 2 2 2 2 2 2 2 2 2 2 2
left_child=11 2 3 6 7 -6 20 -5 10 -8 12 -1 14 -14 -3 16 18 -17 -4 -19 -2 22 -10 -24 -12 -26 -13 -28 -29 -30
right_child=1 8 15 4 5 -7 9 -9 21 -11 24 26 13 -15 -16 17 -18 19 -20 -21 -22 -23 23 -25 25 -27 27 28 29 -31
leaf_value=0.079085863242432372 0.057921840319704959 0.12511220402193404 0.055733877008091584 -0.017252653035931351 -0.010196096135257661 0.13904847277489371 0.023465388826952746 0.10748141636862583 0.14826732536094853 0.08631112408722362 -0.051546950151474195 0.024213338130826198 0.45872075323129446 0.010054660032099609 -0.032618131668144153 0.15618665262603659 -0.053050362958559652 0.14963187873438075 -0.05465212539611463 0.043066923769647658 0.1197071226478917 0.14723200286001517 0.11080542739849514 -0.0073409653359961958 0.33278640731764791 -0.031593667691249959 0.070999187865688415 0.011433362176572998 0.059369630307035084 0.081135408213849777
leaf_weight=5912.5823095291853 155.04468678310513 6.5828467011451712 226.59509392082691 360.24563276581466 22.96848987787962 25.025894219055772 957.93320395983756 13.380121394991873 6.2825732938945285 39.379126096144319 97.784591287374496 12.007584244012831 2.5429599080234757 165.77473207935691 122.96265153959394 22.604598999023438 22.406041448935866 11.5798067972064 10.7670361995697 59.159089729189873 21.286771506071091 6.2890486456453791 7.3344796486198893 26.324534406885505 3.3589157145470372 63.80179906450212 1027.0337392091751 14.55665463209152 260.88687638938427 91.633013099431992
leaf_count=1159 310 8 1974 7692 260 80 7101 5 50 84 3735 27 56 4538 3596 4 467 8 139 426 63 30 30 428 51 2411 506 41 271 60
internal_value=0.0628698 0.0206403 0.0279912 0.022488 -0.00363231 0.0676251 0.0318715 -0.0127857 -0.00749535 0.0259469 -0.013596 0.0770493 -0.00118813 0.0168332 -0.0246031 0.0528529 0.0417755 0.0836807 0.0507266 0.0605114 0.0653806 0.0535771 0.0388305 0.0184038 -0.0360024 -0.0133699 0.0684858 0.0688672 0.0629021 0.0650274
internal_weight=9776.11 2457.41 1948.38 1595.26 421.62 47.9944 1173.64 373.626 509.039 997.312 462.808 7318.7 297.863 168.318 129.545 353.112 259.768 93.3435 237.362 70.7389 176.331 46.2306 39.9416 33.659 164.945 67.1607 1406.12 1394.11 367.077 352.52
internal_count=35610 33546 18613 15595 8037 340 7558 7697 14933 7185 14395 2064 8198 4594 3604 3018 2580 438 2113 434 373 538 508 458 6197 2462 905 878 372 331
is_linear=0
shrinkage=0.05


Tree=18
num_leaves=31
num_cat=0
split_feature=9 4 5 9 1 5 9 9 9 4 5 9 9 4 9 9 4 9 5 5 1 9 9 1 1 1 5 1 1 5
split_gain=2178.09 163.594 145.559 118.442 104.415 86.2066 66.8748 65.5506 54.158 49.7354 31.5458 43.9297 78.907 29.9457 19.7449 82.7854 71.8024 14.2991 13.1376 20.0846 9.97007 8.4755 7.35561 5.54366 7.81515 7.309 8.02436 4.25373 2.19921 1.92063
threshold=0.8960351665440115 11.500000000000002 0.043075982712633749 1.0102549429382224 0.087792935120329721 3.2271416690907417e-07 1.0292399773971754 0.81546828354049861 1.0313630280445019 6.5000000000000009 0.013265949560762932 0.87602355217232619 0.88471554883252079 1.5000000000000002 1.0313630280445019 0.96076790277543289 2.5000000000000004 1.0128400580156225 1.5393099490174267e-05 0.00023067870365760379 -0.035782336360833715 0.78075233748944217 0.97253122491298638 0.0087033329592945425 0.024617294613363875 -0.020110409627262179 0.037799267251523411 -0.065508496043638162 -0.0030521083578525228 0.20009093039006096
decision_type=2 2 2 2 2 2 2 2 2 2 2 2 2 2 2 2 2 2 2 2 2 2 2 2 2 2 2 2 2 2
left_child=7 2 3 4 5 -2 17 21 -8 14 11 18 -13 -14 15 -4 -16 -5 20 -20 -9 29 -6 25 -25 27 -27 -12 -23 -1
right_child=1 -3 9 6 22 -7 8 10 -10 -11 23 12 13 -15 16 -17 -18 -19 19 -21 -22 28 -24 24 -26 26 -28 -29 -30 -31
leaf_value=0.077051050638484234 0.029104471134192084 -0.052535835199788827 0.062075967603324914 -0.014235432519660305 0.047665999174039367 0.0069163523388356468 0.15792241957440806 0.075543637537381136 0.0041894897227695181 -0.06221658191116447 0.064305115278564792 -0.069888194992319672 0.064306997577291067 -0.0078746626528833647 0.12337907448632475 -0.057493204505521846 -0.06011270274756432 -0.051986785245207723 0.012902284968348313 0.057784517262864654 0.060136092410930701 0.073246147652451674 0.093405831253927943 0.092722300100435417 0.065335365472241516 0.041432802711709273 0.067689905203566977 0.079747693072081585 0.06759739572963995 0.071979859884202566
leaf_weight=5097.623277798295 933.01838203705847 77.418408805504441 210.77190409228206 34.510017002001405 10.661026097834108 824.70930566266179 6.1459057535976163 171.07806169986725 84.427061038091779 8.6704923845827562 59.279625736176968 17.782009042799473 59.239895924925804 18.970011740922928 31.878602031618357 15.543811069801448 6.4021729454398146 91.827000388875604 30.414052896201611 138.13845942541957 271.81881977617741 462.87676553428173 50.072260610759258 70.275008153170347 41.391722366213799 35.659211322665215 158.1306184232235 179.99713110923767 274.4829823076725 193.8068271279335
leaf_count=993 9374 2489 425 1193 32 14333 118 58 1561 141 30 107 84 77 85 239 94 3061 57 125 235 149 63 27 36 56 116 58 120 74
internal_value=0.0604169 0.0189582 0.0213557 0.0167554 0.0209211 0.018694 -0.0181678 0.0740034 0.0146212 0.0556198 0.0635935 0.0566295 0.0251834 0.0467992 0.0594812 0.0538637 0.0926914 -0.0416747 0.0615663 0.0496859 0.0660876 0.0761655 0.0853767 0.0726375 0.0825707 0.0700762 0.0628583 0.0759219 0.0711434 0.0768653
internal_weight=9667.02 2386.06 2308.64 2035.37 1818.46 1757.73 216.91 7280.96 90.573 273.267 1252.17 707.441 95.9919 78.2099 264.596 226.316 38.2808 126.337 611.449 168.553 442.897 6028.79 60.7333 544.733 111.667 433.067 193.79 239.277 737.36 5291.43
internal_count=35610 33208 30719 29735 23802 23707 5933 2402 1679 984 1066 743 268 161 843 664 179 4254 475 182 293 1336 95 323 63 260 172 88 269 1067
is_linear=0
shrinkage=0.05


Tree=19
num_leaves=31
num_cat=0
split_feature=0 0 4 4 5 0 0 1 4 1 1 0 0 0 1 1 1 1 5 1 5 5 0 1 0 5 1 1 1 1
split_gain=2159.7 164.63 110.377 94.378 115.665 87.0874 119.34 107.736 96.4691 80.0129 65.9395 60.5714 83.3729 59.6245 52.729 42.0685 34.7224 118.032 42.4711 34.0462 27.5012 155.534 8.62037 16.8825 32.5099 40.4164 13.6854 10.1834 3.79045 6.6954
threshold=0.87602931846699661 1.0000000413579333 11.500000000000002 2.5000000000000004 0.015158855723465765 0.99990775278116384 0.98417110034496114 0.00047212581336397724 1.5000000000000002 -0.038174853288864767 1.0000000180025095e-35 1.0126838859541978 1.0129998378697118 0.79607143489532584 0.14305229657075158 -0.25458354073336642 0.012128983328218103 0.012348771686598871 0.00055281864815291356 0.05000941476729915 0.00011991359479057865 0.00011222396775858297 0.84841191434953422 0.012348771686598871 0.86854195906969534 0.12657064981965302 0.0092496371726692467 -0.04357088046994808 -0.10329562156376514 -0.065508496043638162
decision_type=2 2 2 2 2 2 2 2 2 2 2 2 2 2 2 2 2 2 2 2 2 2 2 2 2 2 2 2 2 2
left_child=13 2 5 4 15 6 9 -8 14 -2 -10 -6 -13 -1 -7 -3 20 -18 -19 -17 21 -5 28 26 25 -25 27 -24 -15 -30
right_child=1 3 -4 16 11 8 7 -9 10 -11 -12 12 -14 22 -16 19 17 18 -20 -21 -22 -23 23 24 -26 -27 -28 -29 29 -31
leaf_value=0.074586650878409502 0.059971037273324014 0.12641292065688545 -0.052752944111749391 -0.052209858527034927 -0.056183063642254151 0.0049565843562526229 -0.018893003933935171 0.040738991008387904 0.074082170763547325 0.023685833104224296 -0.062911099219403299 0.38024794421376923 0.099311741228365211 0.074469453378535347 0.092060935052330053 -0.008854612859424368 0.26539046684715156 0.069388414815989105 -0.05235842703736604 0.055363697229858545 -0.051512513783938285 0.31201638032872397 0.066335488018035682 -0.080556869563644343 0.10294475841982786 0.077790437992186628 0.094531359647748114 0.048299081140215132 0.04539159395213288 0.06531288737849221
leaf_weight=5666.0107903629541 178.79711415991187 6.4041713327169409 44.98613859526813 17.098557416349653 5.2005693055689326 128.37177397683263 281.9278507232666 103.56705802865326 218.16388534381986 1011.0322388261557 9.1523931138217431 2.9665726572275188 24.054920211434364 102.83880636096001 20.094034403562546 238.55010260641575 4.0099129788577548 9.729905813932417 27.157036695629358 22.593938445672393 143.24229300394654 3.5374496653676024 143.01959472894669 10.78453247249127 7.5684467628598204 6.4337557554244986 25.520376443862915 172.82886775583029 44.337565898895264 865.77492836117744
leaf_count=1159 358 4 1140 547 99 1262 5138 2106 1590 6870 135 2 221 35 14 6529 23 129 1045 213 6084 37 74 51 17 2 6 229 39 452
internal_value=0.0581482 0.0182291 0.0246791 -0.00728841 0.0105847 0.0264645 0.0213052 -0.00287227 0.0480928 0.0291385 0.0685664 0.10008 0.130155 0.0723173 0.0167457 -0.000193665 -0.0334528 0.00776186 -0.0202445 -0.0032985 -0.0437382 0.0102263 0.0629938 0.0564188 0.0165753 -0.0213891 0.0593119 0.0564662 0.0653705 0.0643424
internal_weight=9545.76 2500.64 1996.09 504.545 299.77 1951.11 1575.32 385.495 375.782 1189.83 227.316 32.2221 27.0215 7045.12 148.466 267.548 204.775 40.8969 36.8869 261.144 163.878 20.636 1379.11 366.156 24.7867 17.2183 341.369 315.848 1012.95 910.112
internal_count=35610 33546 18613 14933 7068 17473 14472 7244 3001 7228 1725 322 223 2064 1276 6746 7865 1197 1174 6742 6668 584 905 379 70 53 309 303 526 491
is_linear=0
shrinkage=0.05


Tree=20
num_leaves=31
num_cat=0
split_feature=9 9 1 1 1 5 4 9 4 9 1 1 1 9 9 6 5 1 5 1 9 1 6 9 1 1 5 1 9 9
split_gain=1749.32 192.481 131.961 123.711 97.7952 122.237 82.286 72.8859 72.3461 60.2312 44.7941 107.905 67.4593 41.4488 78.5073 47.0371 18.9587 19.5624 37.6276 22.8955 17.0875 27.7657 16.8854 16.1044 20.1183 12.7669 4.88021 5.8526 4.27045 3.60004
threshold=0.8960351665440115 0.96596590590239739 0.087792935120329721 0.0016963559818007348 0.0015333566061632722 0.0041448572449966194 11.500000000000002 0.90021844339496782 6.5000000000000009 0.79993701601943779 0.023792540039125402 0.022139122043184693 0.087792935120329721 1.0002365693043822 1.0003690765273456 0.019086713809668813 0.046353196112814021 0.017143996726332048 3.2271416690907417e-07 0.038161349749019809 0.82947877229335842 0.0087033329592945425 0.060335818497600287 1.0003690765273456 0.24899288295565905 0.074105498205765633 0.15313134460521474 -0.10329562156376514 0.78075233748944217 0.87602355217232619
decision_type=2 2 2 2 2 2 2 2 2 2 2 2 2 2 2 2 2 2 2 2 2 2 2 2 2 2 2 2 2 2
left_child=9 7 3 4 6 -6 -3 -2 10 28 11 -9 -12 15 -15 -5 17 20 25 -20 -11 -22 23 -4 -25 -19 27 -18 -1 -29
right_child=1 2 22 13 5 -7 -8 8 -10 16 12 -13 -14 14 -16 -17 26 18 19 -21 21 -23 -24 24 -26 -27 -28 29 -30 -31
leaf_value=0.072825322927599564 -0.063571463584307861 0.015703436269928272 0.082750989633009017 -0.052662117673854619 -0.053064335664598616 0.27356503080447703 -0.052110530925856081 0.044917952041141282 -0.057378152287118615 0.06710596363569514 -0.056967352507172789 0.21586284394962943 0.058183464803143736 0.18378754882167078 -0.011494092355680614 0.056996000748910119 0.090521961016334584 0.037084799849072016 -0.089094907578330718 0.023767736785276466 0.051177548396603545 0.089502538718501598 0.15733409891143585 -0.053177765264837785 0.066561382897269733 0.086190627369791037 0.055129667526771078 0.072442163577428914 0.067496035348269409 0.057753326566916119
leaf_weight=5004.1706654056907 16.68939334154129 1196.5543241333216 51.765466887503862 115.11818605288863 4.5078620221465808 7.8567394707351923 46.470219800248742 789.27947744354606 17.963965022936463 457.29536677151918 26.376764945685863 9.3407084047794324 24.563212715089321 5.3230407647788516 155.34312459267676 10.686942086555062 39.870849117636681 41.426510900259018 8.5037701688706893 9.5287151560187322 568.26954973489046 51.545744389295578 5.9421896412968627 5.407477464526889 9.9866156727075577 19.450736567378044 45.818004529923201 276.56336586922407 406.432592920959 49.122027993202209
leaf_count=1055 136 18892 64 3030 117 58 1555 2897 310 180 338 24 38 34 5267 162 9 60 53 22 641 24 19 110 44 18 44 116 139 40
internal_value=0.057069 0.0211741 0.0109066 0.00779453 0.0145601 0.154483 0.0131682 0.039927 0.0419181 0.0699248 0.0440177 0.0469173 -0.00144173 -0.0218538 -0.0050242 -0.0433468 0.061294 0.0580136 0.0339831 -0.0294561 0.0597741 0.0543648 0.076547 0.069399 0.0245007 0.0527745 0.0705123 0.0724403 0.072425 0.0702267
internal_weight=9477.17 2499.18 1614.96 1541.86 1255.39 12.3646 1243.02 884.214 867.524 6978 849.56 798.62 50.94 286.471 160.666 125.805 1567.39 1156.02 78.9097 18.0325 1077.11 619.815 73.1017 67.1596 15.3941 60.8772 411.374 365.556 5410.6 325.685
internal_count=35496 33095 29352 29115 20622 175 20447 3743 3607 2401 3297 2921 376 8493 5301 3192 1207 998 153 75 845 665 237 218 154 78 209 165 1194 156
is_linear=0
shrinkage=0.05


Tree=21
num_leaves=31
num_cat=0
split_feature=0 0 1 2 0 0 4 0 6 0 1 1 1 1 1 0 0 5 1 2 0 4 0 5 5 5 0 4 1 6
split_gain=1673.48 219.816 110.74 117.578 118.292 152.786 110.361 71.0683 65.8624 59.1621 38.5325 65.292 64.3025 44.2998 13.4559 15.0527 18.3788 11.3352 8.38804 9.14799 7.5386 11.8067 5.5935 4.87722 3.94238 4.79294 3.55627 2.86008 1.9562 2.16587
threshold=0.87602931846699661 0.96676454920900246 0.087792935120329721 1.0000000180025095e-35 0.97479819913742671 0.97546743869248709 4.5000000000000009 0.8107243397690993 -0.045882999179252031 0.99180760873159934 0.024617294613363875 0.022139122043184693 0.074105498205765633 0.010296953964518464 0.10637349610893444 1.0010380571737927 1.2478449466360819 0.050275696128480728 -0.12929531592348445 1.0000000180025095e-35 0.83782188591090134 3.5000000000000004 0.77403764581199941 0.093810821167158678 0.055983079055361352 5.4319036609158379e-05 0.99998856840019723 2.5000000000000004 -0.010894836876026102 0.0094041351696079762
decision_type=2 2 2 2 2 2 2 2 2 2 2 2 2 2 2 2 2 2 2 2 2 2 2 2 2 2 2 2 2 2
left_child=7 8 3 4 -3 -6 9 22 -2 -5 11 13 -12 -10 26 27 -17 -14 -9 20 23 -22 -1 -20 25 -21 -4 -16 -24 -30
right_child=1 2 14 6 5 -7 -8 18 10 -11 12 -13 17 -15 15 16 -18 -19 19 24 21 -23 28 -25 -26 -27 -28 -29 29 -31
leaf_value=0.071145650495202273 -0.061217082069024591 -0.055738026206055793 0.090526707750496982 0.085398078879657988 0.14637535444119013 0.0034350523190761467 -0.052476040420430407 0.072540435454210989 0.044061773004624494 0.03007509485890536 -0.055216439964571908 0.13794313052231921 0.021578232565357364 -0.017345972450513159 0.062265107920478603 0.054716947733156031 -0.05908986361396526 0.085670496310607511 0.055210539817931795 0.067393173039589249 0.042714325559659802 0.065527483792806693 0.068920751693595544 0.072913347941986881 0.077327141570291524 0.049412935942065944 0.1409452682094928 0.087587053286459188 0.062092221692913042 0.071879132275081636
leaf_weight=4876.4277648627758 15.857566295191644 83.870484091341496 7.6688584536313993 85.129984555765986 18.978933982551098 1247.2020273469388 27.772175697609782 72.760207682847977 882.48031428828835 111.77607603929937 26.468134028837085 18.090832993388176 13.693822845816614 30.380534082651138 23.458264030516148 11.033862097188832 5.2285029832273713 13.901897035539148 340.22596378624439 98.058096185326576 290.34187084436417 70.483164221048355 428.70352554321289 43.930754363536835 45.340395122766495 59.586308911442757 6.4299074523150921 21.255285657942295 297.84548284113407 69.773087307810783
leaf_count=1021 175 1142 12 414 112 25177 832 19 3312 1246 398 38 63 282 36 84 56 11 208 45 359 50 122 14 23 56 36 12 125 16
internal_value=0.0550101 0.0213854 0.0101705 0.00734203 0.00176843 0.0055776 0.0408328 0.0683257 0.0398716 0.0539933 0.041499 0.0438822 0.00046232 0.0420181 0.0694989 0.0593203 0.018127 0.053866 0.05618 0.0549243 0.0523604 0.0471706 0.0705112 0.057235 0.064334 0.060597 0.113521 0.0743023 0.0666259 0.0639498
internal_weight=9344.15 2650.68 1649.8 1574.73 1350.05 1266.18 224.678 6693.48 1000.87 196.906 985.016 930.952 54.0639 912.861 75.0747 60.9759 16.2624 27.5957 1020.73 947.967 744.982 360.825 5672.75 384.157 202.985 157.644 14.0988 44.7135 796.322 367.619
internal_count=35496 33438 29159 28923 26431 25289 2492 2058 4279 1660 4104 3632 472 3594 236 188 140 74 774 755 631 409 1284 222 124 101 48 48 263 141
is_linear=0
shrinkage=0.05


Tree=22
num_leaves=31
num_cat=0
split_feature=9 9 1 1 4 1 9 9 4 4 4 6 9 9 6 6 6 1 1 1 6 9 1 9 6 2 6 6 9 6
split_gain=1664.99 147.812 103.872 109.782 78.1978 75.9168 69.7228 64.5146 62.9856 40.1146 81.8481 54.0086 39.7225 63.2514 44.0477 18.3259 25.8416 16.6715 24.0415 22.2628 11.7085 14.4922 18.5526 4.5653 2.82391 2.43957 2.3594 1.85841 1.54495 3.73842
threshold=0.8960351665440115 0.96596590590239739 0.087792935120329721 0.0016963559818007348 11.500000000000002 0.0015333566061632722 0.79993701601943779 0.90021844339496782 6.5000000000000009 2.5000000000000004 3.5000000000000004 0.0027093563032978278 1.0002365693043822 1.0003690765273456 0.019086713809668813 -0.0068352677067449177 -0.0054121940612222854 0.011544889926196013 0.030364475908295 0.01008461402377331 0.074591253878676059 1.0003690765273456 0.24899288295565905 0.78075233748944217 0.023905308011870911 1.0000000180025095e-35 0.0015099375863757982 7.799627990190407e-06 0.84448106573143 -0.069593545483374528
decision_type=2 2 2 2 2 2 2 2 2 2 2 2 2 2 2 2 2 2 2 2 2 2 2 2 2 2 2 2 2 2
left_child=6 7 3 4 5 -3 23 -2 9 11 -11 -9 14 -14 -5 28 -17 19 -19 -18 21 26 -23 24 -1 27 -4 -25 -8 -30
right_child=1 2 20 12 -6 -7 15 8 -10 10 -12 -13 13 -15 -16 16 17 18 -20 -21 -22 22 -24 25 -26 -27 -28 -29 29 -31
leaf_value=0.069787864024436888 -0.063477378025717957 0.014172668750469759 0.064946428836395079 -0.052549465010092493 -0.052004480334724906 0.13270564243677388 0.067780341626231408 0.049164818569407506 -0.057421107691703943 -0.0077033408066080767 0.046586453348664021 -0.023443165153757162 0.15417767050571002 -0.011235013502165284 0.05207076010174342 -0.11521762556283377 0.054105094262423187 -0.0088313358803752962 0.049300748871088401 0.10270793213481005 0.13030079455034985 -0.053253522039421575 0.058904542469303073 0.063621687614265551 0.064997183636024206 0.070710653710553975 0.086568862323631271 0.053903412297077485 0.069134310590626302 0.057214957402715039
leaf_weight=4412.3865187764168 16.389912836253643 1218.1293681841344 31.61976221203804 110.01200000941753 44.466852861456573 13.659741714596747 227.04752719402313 566.72694456204772 17.454345248639584 122.77878114581108 159.75918091647327 26.82364109903574 6.004137869924306 154.30836972407997 11.073486933484672 2.276543363928794 917.68422901630402 25.089290536940098 61.096743997186422 24.182058401405811 6.6558884531259528 5.6879450641572484 10.481572382152081 229.00698186457157 330.65943022072315 96.352632656693459 20.992201544344425 62.651246801018715 112.86372369527817 157.70546513795853
leaf_count=925 136 18892 51 3030 1567 163 62 1763 310 796 563 175 34 5267 162 10 820 71 97 8 15 114 44 79 130 23 13 37 28 111
internal_value=0.0530921 0.0186758 0.00967773 0.00690267 0.0131356 0.0154871 0.0662354 0.034825 0.0366281 0.0385018 0.0229945 0.0458835 -0.0213662 -0.00503986 -0.0429818 0.0568597 0.0530543 0.0534269 0.0323781 0.055353 0.0669779 0.0608503 0.0194507 0.0690273 0.0694539 0.0638129 0.0735738 0.0615341 0.064739 0.0621869
internal_weight=9202.03 2543.02 1633.09 1557.65 1276.26 1231.79 6659 909.933 893.543 876.089 282.538 593.551 281.398 160.313 121.085 1527.95 1030.33 1028.05 86.186 941.866 75.4374 68.7815 16.1695 5131.06 4743.05 388.011 52.612 291.658 497.617 270.569
internal_count=35496 33095 29352 29115 20622 19055 2401 3743 3607 3297 1359 1938 8493 5301 3192 1207 1006 996 168 828 237 222 158 1194 1055 139 64 116 201 139
is_linear=0
shrinkage=0.05


Tree=23
num_leaves=31
num_cat=0
split_feature=9 0 4 6 0 1 1 2 0 1 1 4 8 9 0 0 0 9 1 1 2 0 0 6 1 0 1 0 1 6
split_gain=1621.62 138.763 110.173 109.849 103.276 100.018 95.9938 85.7141 165.258 84.1026 217.006 63.7873 56.7907 54.0859 51.4211 58.6905 66.1311 49.0012 42.2374 64.9281 39.7097 39.3859 39.2618 18.1104 13.0151 25.4566 49.342 24.4754 20.7668 5.92229
threshold=0.8960351665440115 1.0014757722312477 2.5000000000000004 0.01076726791894689 0.8107243397690993 -0.0062637383197937093 -2.2585177399669917e-05 1.0000000180025095e-35 0.99990775278116384 -0.0002268792775623196 -0.00019508822753266927 4.5000000000000009 1.0000000180025095e-35 0.91556197594537492 0.99836508051886563 0.9921279064684746 0.98901208659498729 1.0019867492989027 0.012128983328218103 0.012348771686598871 1.0000000180025095e-35 0.99870319183206446 1.0144963831690839 4.4903544190566531e-05 -0.04357088046994808 0.91778762243595724 0.0074319516581514153 0.89865911423211597 -0.033742865974817841 0.050692122213471198
decision_type=2 2 2 2 2 2 2 2 2 2 2 2 2 2 2 2 2 2 2 2 2 2 2 2 2 2 2 2 2 2
left_child=4 5 3 9 -1 14 12 8 -8 -3 -11 -9 13 -7 15 16 -2 -5 -4 -20 -21 -16 -19 -23 29 27 -27 28 -26 -6
right_child=1 2 18 17 24 6 7 11 -10 10 -12 -13 -14 -15 21 -17 -18 22 19 20 -22 23 -24 -25 25 26 -28 -29 -30 -31
leaf_value=0.067512757431441903 0.036044130457519988 -0.052544761174222201 -0.051476323451502784 -0.055021822421198276 0.056941060812933202 0.056292892031141212 0.0028323878033403083 0.056617390892867672 0.042576747438211826 0.49114579067886566 0.011074215893475329 -0.055966923843122809 0.12879845879439777 -0.03197463473864303 0.18168193582127698 -0.055721217545415147 0.11482851377384451 0.27210054507996678 0.16354548000360586 -0.052365699464457328 0.066287503114248844 0.023966280977901364 0.10056949643780284 0.10526559971680671 0.0053029701253652622 -0.068600595834738473 0.059845270682243171 0.093860765444424094 0.049318458158256542 0.076959879162365491
leaf_weight=5333.218093380332 438.74022830091417 56.336828820407391 137.35263352375478 4.381805635988715 280.39360707253218 19.476395137608051 797.89154224656522 207.39812876656651 389.09253626689315 2.3852406553924075 179.53970177285373 13.393572721630333 6.4374532364308825 159.32570681162179 10.273674406111239 16.289426729083061 28.357344798743725 3.8944444656372097 5.6693282090127459 25.011480048298836 9.8199654500931484 12.959624951705338 23.263910325244069 14.53035528026521 27.791720673441887 13.458875447511675 16.821901917457581 29.877278175204992 749.26397153735161 42.551308378577232
leaf_count=1260 1787 1480 6124 83 167 50 9826 926 3724 19 4530 253 7 2508 21 209 119 1 23 1007 112 89 158 39 48 78 29 37 761 21
internal_value=0.0512815 0.017595 -0.00769395 0.0124454 0.0645717 0.0229496 0.0167294 0.0211816 0.0158606 0.000837554 0.0173685 0.0497878 -0.0171068 -0.0223599 0.0419634 0.0375736 0.0408271 0.100133 -0.0382451 0.0066268 -0.018914 0.0981547 0.125167 0.0669386 0.0510519 0.0477628 0.00275503 0.0494517 0.0477442 0.0595787
internal_weight=9055.2 2561.82 447.655 269.802 6493.38 2114.17 1593.02 1407.78 1186.98 238.262 181.925 220.792 185.24 178.802 521.151 483.387 467.098 31.5402 177.853 40.5008 34.8314 37.7637 27.1584 27.49 1160.16 837.214 30.2808 806.933 777.056 322.945
internal_count=35496 33095 13537 6271 2401 19558 17294 14729 13550 6029 4549 1179 2565 2558 2264 2115 1906 242 7266 1142 1119 149 159 128 1141 953 107 846 809 188
is_linear=0
shrinkage=0.05


Tree=24
num_leaves=31
num_cat=0
split_feature=0 0 1 2 0 0 0 0 9 9 9 9 0 0 5 1 2 0 0 1 0 9 9 5 9 5 5 1 1 0
split_gain=1583.74 161.168 85.2874 96.4574 108.01 122.269 81.934 57.3763 100.513 62.1964 42.146 101.705 58.7248 102.551 88.7786 8.67365 8.86384 9.04338 9.71361 7.72116 12.9694 17.9063 7.46315 4.74814 4.6036 11.8021 3.81833 2.29471 2.13975 2.33428
threshold=0.87602931846699661 0.96676454920900246 0.087792935120329721 1.0000000180025095e-35 0.97479819913742671 0.97546743869248709 0.8107243397690993 0.99180760873159934 0.9837901750932162 1.0292399773971754 0.98178848984358713 0.98133559426674744 0.95653128094366813 0.94534068788701109 0.018078569768942811 -0.12929531592348445 1.0000000180025095e-35 0.83782188591090134 0.86854195906969534 0.10637349610893444 1.0010380571737927 1.1452122652707952 0.78075233748944217 0.093810821167158678 0.85613749570892383 0.059894693841789921 0.012370288003474653 -0.017994006641392554 -0.010894836876026102 0.74949852788436355
decision_type=2 2 2 2 2 2 2 2 2 2 2 2 2 2 2 2 2 2 2 2 2 2 2 2 2 2 2 2 2 2
left_child=6 10 3 4 -3 -6 22 8 -5 -9 11 12 13 -2 -14 -8 17 23 -19 26 -21 -22 -1 -17 27 -26 -4 -18 -24 -30
right_child=1 2 19 7 5 -7 15 9 -10 -11 -12 -13 14 -15 -16 16 24 18 -20 20 21 -23 28 -25 25 -27 -28 -29 29 -31
leaf_value=0.066843606720869975 0.034224420077152956 -0.055564297809310617 0.06857354208594911 0.011734453207175239 0.12313112230406194 0.0021201654515237826 0.067477935120438801 -0.0066800514056312562 0.11343731713687136 0.068765943499623158 -0.055406745893600597 0.19239307823654891 0.072461609662405363 -0.017752538679619338 -0.058269323070637251 0.049901552941510129 0.07007956824713267 0.035377661873308083 0.053562630744300024 0.065567737451584437 -0.060566661357028651 0.049707965435800888 0.063895094782977321 0.067826831984259275 0.031226817071951116 0.073759880829987592 0.11834764463561301 0.056555070038466861 0.066292366840626032 0.056587283583629903
leaf_weight=4387.5386882573366 745.23989581689239 80.55872861854732 8.5842064358293992 46.654514245688915 21.224034355953336 1265.8069872874767 68.226130753755569 97.817274340428412 50.688223486766219 37.901608154177666 13.241777902469037 10.081905968487261 144.54854719899595 108.74560757726431 14.26838333159685 323.30317938327789 70.582463905215263 249.49642115831375 104.06209459900856 44.8287438377738 5.4368390478193787 11.400229064747689 462.55034606158733 41.708897456526756 41.419992014765739 26.903304114937782 6.9910238459706298 56.444989591836929 79.691939428448677 278.4168703854084
leaf_count=991 2388 1142 30 250 112 25177 19 1686 286 270 213 11 741 743 183 208 19 306 103 48 69 71 144 14 54 18 18 33 21 128
internal_value=0.0495647 0.0177182 0.0081435 0.00566718 0.000600231 0.00411572 0.0635271 0.0353997 0.0646931 0.0143894 0.0332235 0.0343708 0.0327978 0.0276057 0.0607165 0.0502806 0.0489968 0.0464293 0.04073 0.0594597 0.0515149 0.0140993 0.066025 0.0519498 0.0584407 0.0479748 0.0909149 0.0640699 0.0616486 0.058747
internal_weight=8904.36 2714.02 1677.89 1600.65 1367.59 1287.03 6190.35 233.062 97.3427 135.719 1036.13 1022.88 1012.8 853.986 158.817 982.147 913.921 718.571 353.559 77.241 61.6658 16.8371 5208.2 365.012 195.351 68.3233 15.5752 127.027 820.659 358.109
internal_count=35496 33438 29159 28923 26431 25289 2058 2492 536 1956 4279 4066 4055 3131 924 774 755 631 409 236 188 140 1284 222 124 72 48 52 293 149
is_linear=0
shrinkage=0.05


Tree=25
num_leaves=31
num_cat=0
split_feature=0 9 6 6 9 4 9 4 9 0 4 7 0 9 0 0 6 6 9 9 9 4 0 4 6 9 6 4 4 6
split_gain=1783.87 245.459 89.5721 116.343 130.531 77.5043 87.361 96.7318 69.145 57.5214 55.3349 118.905 51.9356 38.3626 36.9351 32.6219 20.9658 95.0862 40.0972 22.9952 13.9532 14.4946 5.69991 8.14607 12.8567 2.9377 2.03466 1.99944 2.62238 1.9001
threshold=0.8595186046617459 0.98655830674057943 -0.0012077667497699116 -0.0011241714566597725 0.99489774204367187 8.5000000000000018 0.98585241173490823 2.5000000000000004 1.1105709099141998 1.0151325319404976 1.5000000000000002 1.0000000180025095e-35 0.79607143489532584 1.2233683662751009 0.97757082268104734 0.98508538941894808 -0.0072557262618944121 -0.0074862314546321742 1.0055771850284849 1.0033910207246619 0.89051775491469998 3.5000000000000004 0.82432629697368109 3.5000000000000004 -0.0011241714566597725 0.78075233748944217 -0.0137230854255439 2.5000000000000004 3.5000000000000004 -0.029951877588164973
decision_type=2 2 2 2 2 2 2 2 2 2 2 2 2 2 2 2 2 2 2 2 2 2 2 2 2 2 2 2 2 2
left_child=12 5 16 4 -4 6 10 -8 9 -5 15 -12 25 -10 -9 -2 17 19 -19 -3 22 -22 27 24 -24 -1 -25 29 -29 -14
right_child=1 2 3 8 -6 -7 7 14 13 -11 11 -13 20 -15 -16 -17 -18 18 -20 -21 21 -23 23 26 -26 -27 -28 28 -30 -31
leaf_value=0.065607104528418628 0.035953877597996974 -0.0054035667794995364 0.52651035145946379 0.0041333837026175787 -0.05152452551249305 -0.054785584873521691 -0.054042471882738745 0.24871867011943524 0.090295883544943167 -0.032097889428015884 0.011479763340978284 0.068812996904466558 0.065406975715710261 0.0024696473285696885 0.11541102835325481 0.14958576355696546 -0.051921943552143406 -0.052373207276133205 0.26485403380887623 -0.054290849260299791 0.043383596623023768 -0.019922176292287892 0.020092995230269223 0.070656615654517016 0.050018113583091217 0.061480654337917308 0.056591611056154928 0.064749969724907652 0.053715064842721649 0.053500306619730098
leaf_weight=4328.3371572643518 753.98425491154194 47.879725627601147 2.2327670529484744 819.77519519906491 1.7360496334731577 28.32336239144206 6.5669416598975685 8.1940169669687766 33.605757929384708 126.44424486719072 752.69506508111954 102.78138687089086 38.373697385191917 19.735537158325315 14.201445650309322 6.3694571033120146 87.700557417236269 1.322876440361141 4.0328590739518404 48.338147955946624 32.556817308068275 12.518676742911337 40.173761188983917 44.673434525728226 336.76383437216282 479.0517210662365 60.582959040999413 162.7365493029356 80.457596033811569 264.19995398819447
leaf_count=1008 2673 967 3 15355 67 666 109 14 214 4007 4811 238 11 231 70 72 2983 37 34 1176 37 33 53 10 246 158 32 51 41 139
internal_value=0.0472119 0.0148667 -0.00246361 0.00348687 0.273665 0.0272218 0.028634 0.114704 0.00241411 -0.000708237 0.0270913 0.0183681 0.0629759 0.0578014 0.164185 0.0369058 -0.034013 -0.0185501 0.186498 -0.0299637 0.05303 0.0258019 0.0542239 0.0502629 0.0468287 0.0651959 0.0625611 0.0577236 0.0610992 0.0550104
internal_weight=8746.35 2865.92 1192.8 1003.53 3.96882 1673.12 1644.79 28.9624 999.561 946.219 1615.83 855.476 5880.43 53.3413 22.3955 760.354 189.274 101.574 5.35574 96.2179 1073.04 45.0755 1027.96 482.194 376.938 4807.39 105.256 545.768 243.194 302.574
internal_count=35546 33727 25074 19877 70 8653 7987 193 19807 19362 7794 5049 1819 445 84 2745 5197 2214 71 2143 653 70 583 341 299 1166 42 242 92 150
is_linear=0
shrinkage=0.05


Tree=26
num_leaves=31
num_cat=0
split_feature=9 9 9 6 6 1 9 5 5 6 5 2 9 9 9 9 6 1 9 2 1 9 9 1 6 5 9 9 1 2
split_gain=1673.68 172.384 101.977 71.9068 69.7587 68.1498 62.6036 106.995 79.3986 113.261 79.8188 54.7683 45.0193 44.5806 51.4011 38.4582 32.6114 40.4879 48.6571 77.6836 32.0113 28.0065 27.3613 26.8607 45.821 26.849 22.2112 101.335 17.3547 50.2431
threshold=0.8960351665440115 0.98655830674057943 0.81546828354049861 -7.3886988138538432e-05 -4.6646131728611533e-05 0.05000941476729915 0.98585241173490823 0.012565132099709187 1.0000000180025095e-35 -0.025682203733224714 0.00016375351784740603 1.0000000180025095e-35 0.98133559426674744 1.0015918631965122 1.0014689545768249 0.90429112126656663 -0.0090801915141425753 -0.047966522630089763 0.85613749570892383 1.0000000180025095e-35 -0.05252910158749257 0.90830921481386595 1.2233683662751009 -0.013379932417737382 -0.0004913105419557805 0.32336046863290463 1.0057141805771568 1.0055771850284849 -0.0017855653658028767 1.0000000180025095e-35
decision_type=2 2 2 2 2 2 2 2 2 2 2 2 2 2 2 2 2 2 2 2 2 2 2 2 2 2 2 2 2 2
left_child=2 6 -1 23 13 11 8 -8 15 12 -11 -6 -10 14 -5 20 -4 -18 -19 -20 -2 -17 -7 24 25 -3 27 -25 -9 -30
right_child=1 3 16 4 5 22 7 28 9 10 -12 -13 -14 -15 -16 21 17 18 19 -21 -22 -23 -24 26 -26 -27 -28 -29 29 -31
leaf_value=0.063216906098661971 0.051728234267749876 -0.055950313843914329 0.058573490038210191 0.08940429768522902 -0.0057768391944395285 0.061133843624983364 -0.05377631529640723 0.18011300685311371 0.03797709297358616 -0.058991608719819101 0.0055822396919042276 0.033300563716430087 0.13502694865246201 -0.052481943238725862 0.31832891815679598 0.083866168482303938 0.057715774108189288 0.044751237965974751 -0.0099125282035330015 0.055981652687337007 -0.069921254226043728 0.035237405357569286 -0.058740251136807177 -0.027431544664385785 0.14020079717392384 0.072938619795926002 -0.052560293442556187 0.20217029482005522 -0.053203633832151903 0.19288791165494262
leaf_weight=4906.2041589543223 8.3408233970403689 12.93712143041194 373.07110320031643 8.5518850106745941 760.05322136264294 60.448604617267847 9.0787487179040891 15.19048208370805 168.49021286703646 53.279732855036855 470.06236713193357 101.65650348179042 12.861644569784401 3.3002360034734002 3.4377162456512442 31.233856089413166 233.93188041448593 316.78203407675028 128.09419841319323 68.724696330726147 15.378775388002394 568.87804317101836 5.1671146843582383 143.49425021186471 6.2890363987535229 5.8755652531981459 78.985690512694418 4.9721165597438803 3.538031427189706 5.0125108957290649
leaf_count=1354 9 197 168 78 15975 278 162 13 461 539 4154 1467 34 110 1 44 131 270 411 75 89 2472 64 3901 30 2 2933 41 80 3
internal_value=0.0457285 0.0118287 0.0601085 -0.00202814 0.00432005 0.00257348 0.023994 0.0922127 0.0223088 0.0108081 -0.000991811 -0.00116685 0.04486 0.11025 0.155043 0.0353002 0.0464996 0.0404739 0.0326206 0.0130962 -0.0271441 0.0377684 0.051694 -0.0257217 0.0233628 -0.0156958 -0.0311387 -0.0197422 0.14804 0.0910605
internal_weight=8583.32 2556.51 6026.81 1195.17 942.615 927.325 1361.35 32.8198 1328.53 704.694 523.342 861.71 181.352 15.2898 11.9896 623.831 1120.6 747.533 513.601 196.819 23.7196 600.112 65.6157 252.554 25.1017 18.8127 227.452 148.466 23.741 8.55054
internal_count=35546 33137 2409 25077 17973 17784 8060 258 7802 5188 4693 17442 495 189 79 2614 1055 887 756 486 98 2516 342 7104 229 199 6875 3942 96 83
is_linear=0
shrinkage=0.05


Tree=27
num_leaves=31
num_cat=0
split_feature=9 9 9 4 6 6 9 5 9 5 5 9 9 6 9 6 5 4 9 6 7 6 6 5 9 5 5 9 4 9
split_gain=1619.41 153.589 105.468 70.2204 66.8442 83.9491 64.6106 90.373 58.1323 53.6679 112.312 41.9944 34.0031 29.7145 28.547 28.33 65.8596 24.786 24.472 39.8808 34.7008 12.5045 7.87089 7.67665 8.03953 5.02878 4.89146 16.2994 5.56881 3.80973
threshold=0.8960351665440115 0.98655830674057943 0.79993701601943779 8.5000000000000018 -0.0012077667497699116 -0.0011241714566597725 0.98585241173490823 0.012565132099709187 1.1105709099141998 1.0000000180025095e-35 0.00016375351784740603 1.0335987330258505 0.90429112126656663 -0.0090801915141425753 1.2233683662751009 -0.0072557262618944121 0.0058316490309901553 4.5000000000000009 0.84448106573143 -0.0041608073337630605 1.0000000180025095e-35 -0.0090801915141425753 0.044133880472554794 0.008674841861087355 0.82947877229335842 0.0067198287747458046 0.15313134460521474 0.56850880655651437 4.5000000000000009 0.78075233748944217
decision_type=2 2 2 2 2 2 2 2 2 2 2 2 2 2 2 2 2 2 2 2 2 2 2 2 2 2 2 2 2 2
left_child=2 3 22 6 15 -6 9 -8 11 12 -11 -7 -2 -4 -10 16 -3 -18 23 -20 -21 -9 29 25 -25 -15 -24 -28 -29 -1
right_child=1 4 13 -5 5 8 7 21 14 10 -12 -13 -14 18 -16 -17 17 -19 19 20 -22 -23 26 24 -26 -27 27 28 -30 -31
leaf_value=0.063509677463903055 -0.026396514078744261 0.14307750394910496 0.057700451116080423 -0.055088069544592 0.20992533243748848 0.0013135672662153604 -0.053764000973625471 0.090276020396437645 0.078290963648428177 -0.058519944556360295 0.018576366158755141 -0.053124872882825407 0.035270194227021351 0.049281279007160145 0.0032054411128258618 -0.051772899684025736 -0.0010592824839099422 -0.052266927459405692 -0.096436375051470069 0.029474451958202585 0.074537249251769536 0.16832746405592652 0.057864616540743236 0.013963027181915661 0.051264167606413107 0.065630577061289774 0.059854891464303506 -0.018888883514166076 0.034957886183172686 0.057611980963260534
leaf_weight=3930.0210409164429 23.204102832823992 6.3991734152659765 431.06892427802086 28.490725606679916 4.8833540724590412 907.91593623440713 7.6895309407264021 7.5207219161093262 35.946383107453585 51.079382034018636 628.24915482290089 36.864190736785531 610.21205160021782 421.76297788321972 19.539648529142141 80.989673144184053 56.355678826570511 40.694350124336779 5.8784897774457923 367.47016239538789 48.341215997934341 16.152684081345797 183.0130599886179 30.177891626954079 27.708614185452461 52.93641459941864 39.40649326890707 11.253074765205385 8.3751602321863157 294.32979463040829
leaf_count=971 98 66 188 668 70 18395 137 17 214 539 4046 967 2516 260 231 2983 865 1286 29 599 33 39 74 46 22 14 15 35 12 111
internal_value=0.0443431 0.0111929 0.0588579 0.0225894 -0.0019569 0.00312019 0.0242359 0.0951589 0.00211055 0.0225415 0.0127794 -0.000810556 0.0330111 0.0468052 0.0518493 -0.0296258 -0.0122871 -0.0225313 0.0418835 0.0328851 0.0347133 0.143532 0.0625963 0.0490082 0.031818 0.0511045 0.0538277 0.0413128 0.00408696 0.0630988
internal_weight=8413.93 2562.19 5851.74 1372.6 1189.59 1005.15 1344.11 31.3629 1000.27 1312.74 679.329 944.78 633.416 1385.34 55.486 184.439 103.449 97.05 954.276 421.69 415.811 23.6734 4466.4 532.586 57.8865 474.699 242.048 59.0347 19.6282 4224.35
internal_count=35546 33137 2409 8060 25077 19877 7392 193 19807 7199 4585 19362 2614 1191 445 5200 2217 2151 1003 661 632 56 1218 342 68 274 136 62 47 1082
is_linear=0
shrinkage=0.05


Tree=28
num_leaves=31
num_cat=0
split_feature=0 9 1 6 6 0 9 1 1 9 5 5 5 0 1 1 1 0 0 9 1 6 9 1 9 1 0 5 1 1
split_gain=1651.16 173.234 81.2072 73.175 63.5003 60.9709 57.1907 56.4603 58.6294 50.8192 76.319 56.0129 121.285 31.2611 26.3305 93.1555 84.1478 30.8423 24.781 24.237 18.0282 25.8976 28.0349 14.965 13.0733 27.3498 6.22365 11.4684 29.1857 5.75408
threshold=0.8595186046617459 0.98655830674057943 -0.058461263724421668 -0.0012077667497699116 -0.0011241714566597725 0.79607143489532584 0.99489774204367187 0.05000941476729915 1.0000000180025095e-35 0.98585241173490823 0.012565132099709187 1.0000000180025095e-35 0.00016375351784740603 0.97479819913742671 0.0016250561459918436 0.0040197792074020975 0.0039060977723197614 0.96873229694868968 0.9677437835540238 1.2233683662751009 -0.074537891757807104 0.0025919577767775652 0.89051775491469998 -0.0017855653658028767 0.89051775491469998 -0.10329562156376514 0.82432629697368109 0.043075982712633749 -0.0079943344865724946 0.004222007492603431
decision_type=2 2 2 2 2 2 2 2 2 2 2 2 2 2 2 2 2 2 2 2 2 2 2 2 2 2 2 2 2 2
left_child=5 2 20 14 6 -1 -5 8 -6 11 -11 13 -13 -4 17 16 -16 18 -3 -9 21 22 -2 -12 26 -26 29 28 -28 -7
right_child=1 3 9 4 7 24 -8 19 -10 10 23 12 -14 -15 15 -17 -18 -19 -20 -21 -22 -23 -24 -25 25 -27 27 -29 -30 -31
leaf_value=0.061976694873344784 0.044790528693502148 -0.05622916549207873 0.022539398174608923 0.2815372087977232 0.0051819893946196153 0.055177856720567513 -0.051730285496873245 0.054712298649049577 -0.025810483601270136 -0.053401500962253746 0.14948372454012213 -0.061362629069053209 0.0138966286490473 0.048931748555264207 0.036153492345075179 -0.051714420787994986 0.30909237678142926 -0.05264648099321631 0.093146922849601493 -0.058217467420080174 0.068247790506727385 0.086210520373412869 -0.027365518814843327 0.070863220111700917 0.084488294214386861 -0.0027769081669046509 0.053828387165994245 0.059091398759837849 0.024533552533715895 0.037617958264857622
leaf_weight=4352.4574882239103 39.344709977507591 4.6396794952452165 567.69874884933233 3.8010216876864424 741.34439900424331 454.39254741370678 1.9465374965220688 62.460908578708768 192.14692885056138 8.2684485483914596 16.633177448064092 57.785483738407493 727.55968373268843 139.83580230548978 13.905272853560747 32.403924990445375 3.5435475995764127 111.87460015527904 6.9139810614287853 5.1423511281609526 101.88238351047039 19.692918829619884 20.462685115635395 9.5150970173999649 12.498734429478644 31.880573302507401 190.910181671381 113.80316218733788 153.28752447664738 51.989993676543236
leaf_count=1166 31 73 1919 3 12833 201 67 297 6611 162 13 584 4852 844 364 1409 16 3322 13 66 76 15 74 83 3 67 105 45 191 41
internal_value=0.04299 0.0125174 0.0226931 -0.00221565 0.00294949 0.0594097 0.168669 0.00199805 -0.0011974 0.0189366 0.0790056 0.0175518 0.00835907 0.0277555 -0.0322275 -0.00155944 0.0915826 -0.0446144 0.033161 0.0461221 0.0543232 0.0364783 0.0201028 0.120875 0.048334 0.0218 0.049555 0.0453315 0.040782 0.053375
internal_weight=8250.02 2888.8 1708.68 1180.12 1006.84 5361.22 5.74756 1001.09 933.491 1527.3 34.4167 1492.88 785.345 707.535 173.281 49.8527 17.4488 123.428 11.5537 67.6033 181.383 79.5003 59.8074 26.1483 1008.76 44.3793 964.383 458.001 344.198 506.383
internal_count=35546 33727 8653 25074 19877 1819 70 19807 19444 8457 258 8199 5436 2763 5197 1789 380 3408 86 363 196 120 105 96 653 70 583 341 296 242
is_linear=0
shrinkage=0.05


Tree=29
num_leaves=31
num_cat=0
split_feature=0 9 6 0 4 0 6 0 0 0 6 9 5 5 5 0 7 0 4 0 9 9 5 5 0 0 5 5 9 4
split_gain=1605.65 155.024 68.9559 63.5719 62.1386 59.2663 63.5918 59.7134 50.2626 56.9563 47.7623 47.4588 65.5554 50.7577 137.209 42.1126 37.5364 92.6397 34.6008 13.0033 12.6472 10.9327 23.9449 24.8374 8.68614 6.32124 11.2321 8.089 3.47228 2.04521
threshold=0.8595186046617459 0.98655830674057943 -7.3886988138538432e-05 0.79607143489532584 8.5000000000000018 0.99854302358755287 -4.6646131728611533e-05 0.99899811062374144 0.99815518818060245 0.99797597567644114 -0.0012077667497699116 0.98585241173490823 0.012565132099709187 1.0000000180025095e-35 0.00016375351784740603 1.0014757722312477 1.0000000180025095e-35 0.98862989641421595 2.5000000000000004 0.99516858678955467 0.89051775491469998 0.93526787851777138 0.10977293485861629 0.047959329227770152 0.97698059644020208 0.82432629697368109 0.043075982712633749 0.0085271757173947492 0.78075233748944217 2.5000000000000004
decision_type=2 2 2 2 2 2 2 2 2 2 2 2 2 2 2 2 2 2 2 2 2 2 2 2 2 2 2 2 2 2
left_child=3 4 8 28 11 16 15 -8 9 10 -3 13 -13 18 -15 -7 19 -18 -2 -4 25 22 23 -22 -14 29 27 -27 -1 -5
right_child=1 2 5 20 -6 6 7 -9 -10 -11 -12 12 24 14 -16 -17 17 -19 -20 -21 21 -23 -24 -25 -26 26 -28 -29 -30 -31
leaf_value=0.061515050378044257 0.031272644020110298 -0.028945740820409412 -0.020642780210965807 0.049190550824702167 -0.054837899664780004 0.15405636904379827 0.083677171713888499 0.0046844407296460942 -0.052101771594935856 0.13989759855479908 0.050265736756836613 -0.053391139490330967 0.07521739874111999 -0.061512919404675619 0.01826224543293135 -0.052309211000938542 0.24432743417598102 -0.05428429239090924 -0.063786777155384583 -0.052920969437308465 0.029157380807017672 0.055115941296566787 0.050676714843167131 -0.098899906644296126 0.13831931009179851 0.042560831635379451 0.057692795921492859 0.020742601702267119 0.056742639248820649 0.055668828465942316
leaf_weight=3778.6352823227644 821.90719554945827 94.965224807150662 78.397689271718264 274.27039425075054 26.295634641312063 11.875143378973005 24.698507506400347 763.13256156630814 105.35328643675894 6.4137517921626559 23.799767479300499 7.0062533877789965 7.8408360220491913 57.960292601957917 769.40873482264578 3.1221264526247969 4.2811509966850263 6.6036273203790188 9.6855479851365072 51.828813666477799 6.9780376851558694 15.218459382653235 13.734128966927528 8.278841093182562 17.912052400410175 289.19849824905396 110.81022582948208 49.795747563242912 423.89067129790783 219.20001006126404
leaf_count=1008 2785 2508 1662 150 666 44 231 14576 4136 51 406 137 17 600 4340 110 9 98 69 1243 9 14 10 37 39 234 45 62 158 92
internal_value=0.0417143 0.0118625 -0.00213741 0.0583512 0.0214332 0.00384985 0.00910241 0.00716086 -0.0266529 -0.00523457 -0.0130723 0.0226187 0.0822146 0.0214419 0.0126737 0.111095 -0.0260337 0.0631643 0.0301655 -0.0334892 0.0469354 0.0207979 0.00278311 -0.0403304 0.119107 0.0481604 0.0438732 0.0393559 0.0610337 0.0520682
internal_weight=8082.5 2892.49 1174.47 5190.01 1718.02 943.94 802.828 787.831 230.532 125.179 118.765 1691.72 32.7591 1658.96 827.369 14.9973 141.111 10.8848 831.593 130.227 987.484 44.2095 28.991 15.2569 25.7529 943.275 449.804 338.994 4202.53 493.47
internal_count=35546 33727 25074 1819 8653 17973 14961 14807 7101 2965 2914 7987 193 7794 4940 154 3012 107 2854 2905 653 70 56 46 56 583 341 296 1166 242
is_linear=0
shrinkage=0.05


Tree=30
num_leaves=31
num_cat=0
split_feature=0 1 1 2 4 1 0 4 1 9 1 9 9 1 0 0 0 0 1 0 0 1 1 4 9 1 4 9 1 9
split_gain=1342.49 159.177 140.337 97.5342 73.0299 58.9796 57.1526 55.827 54.8413 53.4614 51.2924 47.0162 596.478 53.2405 35.6341 75.0976 63.5975 55.9556 33.3689 30.8022 20.9878 19.0879 66.4767 10.862 8.86895 11.8755 8.18356 33.1531 6.83814 4.54813
threshold=0.84841191434953422 -0.0062637383197937093 -0.0002268792775623196 1.0000000180025095e-35 4.5000000000000009 -0.0066929313560498685 0.79607143489532584 11.500000000000002 -0.0022009293447712293 1.0471925549666625 0.00054414420779280725 1.0150591086512437 1.0154311822076352 -0.0023770895279503486 1.0000000413579333 0.98901208659498729 0.98156642112322867 1.4286749690701364 -0.028041989621297333 0.98264426701857799 1.0169890341746772 -0.00040629993843771523 -0.00038401488364747655 2.5000000000000004 0.84448106573143 -0.10329562156376514 1.5000000000000002 0.81546828354049861 0.00039267543666832166 0.78075233748944217
decision_type=2 2 2 2 2 2 2 2 2 2 2 2 2 2 2 2 2 2 2 2 2 2 2 2 2 2 2 2 2 2
left_child=6 5 8 7 9 14 29 10 11 -5 -4 13 -13 -3 15 16 -2 -16 -17 -7 -21 -10 -23 24 26 -26 28 -28 -8 -1
right_child=1 2 3 4 -6 19 23 -9 21 -11 -12 12 -14 -15 17 18 -18 -19 -20 20 -22 22 -24 -25 25 -27 27 -29 -30 -31
leaf_value=0.060810772495040924 0.0319249414730663 -0.018590821376921467 0.015599734329204015 0.04676768360890135 -0.054193868349775444 0.17665603542375083 0.049777536935523101 -0.051698711435787414 -0.054920421066224051 -0.064132330420468994 -0.0036293264311916119 1.2704898954886836 -0.053378627786531144 0.12403943607997925 -0.054058855336758277 -0.056347502500060653 -0.057204533922625547 0.10428662544052623 0.085650932969939989 -0.055802091607257222 0.10288491037497841 0.12383204139953799 -0.055766421057266251 0.051879306224526425 0.06415279044872195 0.0019779641321822543 0.050101356463551419 -0.012514423526922475 0.027263112499719251 0.055248762544981525
leaf_weight=3717.7942087352276 656.55460267700255 87.475059048272669 1146.1573331858963 320.33340452797711 20.520719589665532 10.788864880800249 252.5219271928072 37.773122592829168 118.20789109915495 11.248804055154322 497.254833586514 0.98186967708170314 6.3753742491826415 7.0716549875214687 25.075328665785491 4.3551982864737502 20.643432579934597 7.1757973935455075 82.684797501191497 3.0061489632353169 6.7900005094707012 7.0270378896966603 19.312808536924422 379.96617838740349 10.330646380782126 29.932020857930183 65.862210839986801 31.131846949458122 38.923769176006317 407.86593499779701
leaf_count=1017 1743 1157 12517 1424 603 18 144 1677 3101 118 9369 6 176 60 584 50 247 22 385 54 6 72 511 203 3 47 34 56 40 161
internal_value=0.0416836 0.0158792 0.00909279 0.0134118 0.0373406 0.0348142 0.0578785 0.00840016 -0.0265398 0.0430054 0.00978151 0.00155124 0.1233 -0.00792274 0.0326545 0.0348271 0.029208 -0.0188274 0.0785458 0.118375 0.0541886 -0.0463436 -0.0078525 0.0457241 0.0402686 0.0179309 0.0425839 0.0300038 0.0467706 0.0602609
internal_weight=8031.14 3096.81 2279.74 2033.29 352.103 817.074 4934.33 1681.19 246.452 331.582 1643.41 101.904 7.35724 94.5467 796.489 764.238 677.198 32.2511 87.04 20.585 9.79615 144.548 26.3398 808.669 428.702 40.2627 388.44 96.9941 291.446 4125.66
internal_count=35605 33900 30791 25708 2145 3109 1705 23563 5083 1542 21886 1399 182 1217 3031 2425 1990 606 435 78 60 3684 583 527 324 50 274 90 184 1178
is_linear=0
shrinkage=0.05


Tree=31
num_leaves=31
num_cat=0
split_feature=0 1 1 9 9 5 2 0 0 6 6 8 1 6 6 0 0 0 9 9 9 0 0 9 9 9 1 5 5 6
split_gain=1324.07 142.639 129.062 93.5439 105.703 90.678 78.7183 77.8889 59.4597 57.0083 79.1641 54.7654 48.6265 42.9413 33.435 31.77 62.3313 50.7218 47.8187 30.1064 25.1261 21.6261 18.0438 4.73679 4.69125 10.226 32.8121 15.5308 30.1893 4.26807
threshold=0.84841191434953422 -0.0062637383197937093 -0.0002268792775623196 0.95791457764469123 0.99992135667291082 0.0062932498075394415 1.0000000180025095e-35 0.99145279293465305 0.79607143489532584 -0.0087835152906794427 -0.0090801915141425753 1.0000000180025095e-35 -0.0066929313560498685 -0.025682203733224714 -0.025682203733224714 1.0000000413579333 0.99565765655646443 1.4286749690701364 0.99183888619987381 0.95662156870189785 1.0150591086512437 0.98264426701857799 0.99607182909590908 0.78075233748944217 0.81546828354049861 0.89051775491469998 -0.10329562156376514 0.015855788655411183 4.0401248944686603e-05 -0.032718672487115789
decision_type=2 2 2 2 2 2 2 2 2 2 2 2 2 2 2 2 2 2 2 2 2 2 2 2 2 2 2 2 2 2
left_child=8 12 9 6 5 -5 13 -6 23 10 14 20 15 -4 -3 16 18 -17 -2 -8 -11 -14 -18 -1 -10 27 -27 28 -26 -29
right_child=1 2 3 4 7 -7 19 -9 24 11 -12 -13 21 -15 -16 17 22 -19 -20 -21 -22 -23 -24 -25 25 26 -28 29 -30 -31
leaf_value=0.060005201515228229 0.031159654724376065 0.074650453775523304 0.053758323815194568 0.0014815823865967841 0.11112579537247867 -0.041700559702364984 0.049417122367265996 0.014651410908234411 0.04912006086589215 -0.04412505247618978 0.2406083534305255 0.10278017070595408 0.152210783564974 0.011938779256029868 -0.053688962067398163 -0.053875064426208333 0.17244269830215669 0.095788963664443408 -0.055670166081266292 0.12971737914485365 0.01665157460801087 0.051693896184153626 0.076907808229843555 0.054236114601918461 0.044142371979444261 0.073929391157734961 -0.034348023738569926 0.044384023357152247 0.0028524568783638415 0.060692886715140587
leaf_weight=3582.7450674623251 704.44376240111887 9.3357397373765743 70.433677325025201 420.2862561326474 21.571768751367927 171.04986282903701 176.59024998918176 693.96946317888796 318.05426199734211 191.61926172766834 4.312768079340457 7.0667178109288207 11.864201758056881 477.76806084066629 11.119028541259468 23.931707952171568 5.5941174738109103 7.4151489809155455 16.221359081566334 12.498677045106886 18.66174272634089 9.7473636073991639 42.428211627528071 395.03400461375713 215.09529113769531 12.283795207738878 16.256308272480965 62.837732940912247 55.74198853969574 110.94672131538391
leaf_count=1017 2016 68 125 5755 249 3862 296 13510 167 4118 11 6 18 1906 310 584 22 22 227 5 570 60 160 161 150 4 44 40 84 38
internal_value=0.0403934 0.0149997 0.00857827 0.0126667 0.00463289 -0.0110093 0.0269069 0.0175599 0.0569423 -0.0259402 0.0459326 -0.0341303 0.0328677 0.0173118 0.0048863 0.0308685 0.0328806 -0.0184718 0.0292052 0.0547249 -0.0387313 0.106875 0.0880367 0.0594323 0.0444241 0.0412676 0.0122551 0.0431299 0.0356443 0.0547959
internal_weight=7876.92 3107.93 2286.28 2044.17 1306.88 591.336 737.291 715.541 4769 242.115 24.7675 217.348 821.646 548.202 20.4548 800.034 768.687 31.3469 720.665 189.089 210.281 21.6116 48.0223 3977.78 791.216 473.162 28.5401 444.622 270.837 173.784
internal_count=35605 33900 30791 25708 23376 9617 2332 13759 1705 5083 389 4694 3109 2031 378 3031 2425 606 2243 301 4688 78 182 1178 527 360 48 312 234 78
is_linear=0
shrinkage=0.05


Tree=32
num_leaves=31
num_cat=0
split_feature=0 1 1 2 1 4 0 4 1 1 0 8 1 0 0 0 1 5 0 4 5 5 1 1 1 0 0 4 5 5
split_gain=1301.2 127.518 118.864 77.5929 66.1419 64.673 61.5628 52.7094 45.9741 40.1189 37.3691 31.5988 61.3465 28.3627 56.7518 57.2787 46.3535 29.8564 16.4268 10.8582 9.68668 29.1797 25.7764 6.21782 7.08561 4.59634 4.41244 4.33684 5.37524 1.56287
threshold=0.84841191434953422 -0.0062637383197937093 -0.00040629993843771523 1.0000000180025095e-35 -0.0022009293447712293 4.5000000000000009 0.79607143489532584 11.500000000000002 0.14305229657075158 -0.0066929313560498685 1.0500957724150786 1.0000000180025095e-35 -0.0042219839903488978 1.0000000413579333 0.98901208659498729 0.98156642112322867 -0.25458354073336642 0.0076509969764271173 0.98264426701857799 2.5000000000000004 1.5393099490174267e-05 0.02244500143921135 -0.0049145169128077528 -0.00025928763925708859 -0.016037263114430097 0.83782188591090134 0.77403764581199941 4.5000000000000009 0.055983079055361352 0.069378186824279264
decision_type=2 2 2 2 2 2 2 2 2 2 2 2 2 2 2 2 2 2 2 2 2 2 2 2 2 2 2 2 2 2
left_child=6 9 4 7 11 10 26 8 -4 13 -5 12 -3 14 15 -2 -15 -16 -11 20 23 22 -22 24 -8 -25 -1 -21 -29 -28
right_child=1 2 3 5 -6 -7 19 -9 -10 18 -12 -13 -14 16 17 -17 -18 -19 -20 27 21 -23 -24 25 -26 -27 29 28 -30 -31
leaf_value=0.059161104594489325 0.028614700611052646 -0.05952840023369628 0.0071070388015221538 0.040869736551655343 -0.054574727327979404 -0.054067456780002701 0.042424233889008928 -0.051595017789322566 0.052740463353367739 0.13415148145318803 -0.063091502818663922 0.10563377058121748 0.024066834619797178 0.090523786455930844 0.036282025298279987 -0.057039183462427638 -0.053152077882702535 0.0935465235851137 0.048328197302815845 0.052357374363265222 -0.075855791399490183 0.047160567106531118 0.014457632825679021 0.03886421846840938 0.066249499173179266 0.01496686977985752 0.051304257453371131 0.049990366867632495 0.023249970594408319 0.060236914213081832
leaf_weight=3515.3982175439596 660.43466278724372 34.301505976356566 1624.2033438673243 328.91219064593315 109.46075269114226 20.152073818258941 105.56519010663033 37.09819873329252 57.134909233078361 12.762608509510757 8.8772067055106145 6.7854076474905005 60.931160070002079 7.4233506247401264 41.208282144740224 20.11255894228816 23.029063543304801 50.848564364016056 9.9007644895464164 284.66235627233982 10.09374590218067 62.47160030901432 36.361145541071892 128.65789122879505 44.302583709359169 23.851333677768707 256.99846827983856 45.848477989435196 31.84758235514164 60.492752760648727
leaf_count=1045 1743 567 22227 1466 3101 622 69 1758 119 18 99 3 829 8 325 247 598 110 60 142 30 38 45 95 15 32 116 25 36 17
internal_value=0.0391783 0.0142101 0.00813115 0.0117683 -0.0275797 0.0329465 0.0560544 0.00735699 0.00865774 0.0310533 0.0381376 0.0013848 -0.00604303 0.0292018 0.0310674 0.0260833 -0.0181284 0.0679127 0.0966586 0.0431888 0.037629 0.0248445 -0.00516572 0.0422344 0.0494672 0.0351268 0.0586513 0.0494996 0.0390295 0.0530062
internal_weight=7720.13 3113.58 2287.86 2076.38 211.479 357.941 4606.55 1718.44 1681.34 825.72 337.789 102.018 95.2327 803.056 772.604 680.547 30.4524 92.0568 22.6634 773.662 411.303 108.926 46.4549 302.377 149.868 152.509 3832.89 362.358 77.6961 317.491
internal_count=35605 33900 30791 26291 4500 2187 1705 24104 22346 3109 1565 1399 1396 3031 2425 1990 606 435 78 527 324 113 75 211 84 127 1178 203 61 133
is_linear=0
shrinkage=0.05


Tree=33
num_leaves=31
num_cat=0
split_feature=0 1 1 9 9 9 2 5 0 1 6 1 9 6 1 1 5 5 5 6 9 0 0 9 9 6 6 9 1 5
split_gain=1277.2 114.37 108.689 78.7378 85.0813 96.9697 66.441 65.9914 63.9394 63.8784 67.6285 51.2823 48.9491 39.2151 33.5934 25.8933 51.9524 118.397 81.8318 36.54 24.6629 12.9365 8.18907 5.21453 5.06729 14.3634 17.9268 12.1195 30.3132 9.21524
threshold=0.84841191434953422 -0.0062637383197937093 -0.00040629993843771523 0.95791457764469123 0.99464453527777297 0.99504595468258594 1.0000000180025095e-35 0.0038511304552289131 0.79607143489532584 -0.0022009293447712293 -0.0087835152906794427 -0.0034936240804624981 1.0150591086512437 -1.2584207761068276e-05 -0.0066929313560498685 -0.058461263724421668 0.0098790026045494968 0.01400565871630719 1.0000000180025095e-35 -0.029951877588164973 0.95662156870189785 0.98264426701857799 0.92774740356083096 0.78075233748944217 0.81546828354049861 1.2093044929217813e-05 0.0048642306693332813 0.89051775491469998 -0.10329562156376514 0.015855788655411183
decision_type=2 2 2 2 2 2 2 2 2 2 2 2 2 2 2 2 2 2 2 2 2 2 2 2 2 2 2 2 2 2
left_child=8 14 9 6 7 -6 13 -5 23 10 11 -3 -12 -4 15 19 18 -18 -17 -2 -8 -16 -21 -1 -10 27 -27 29 -29 -26
right_child=1 2 3 4 5 -7 20 -9 24 -11 12 -13 -14 -15 21 16 17 -19 -20 22 -22 -23 -24 -25 25 26 -28 28 -30 -31
leaf_value=0.058539497617143915 -0.079968327659825228 -0.056761313074519884 0.035918325701948355 0.00021151050085035464 0.15112947778891916 0.010663189502611135 0.044786259607419644 -0.040523148094751646 0.046976453589136047 -0.054378896232177967 -0.02936535712761483 0.14552249469132092 0.096377554774505256 0.0068022282888954393 0.12018727438969244 0.025848693086289471 0.10793668839390576 0.021004336593218452 -0.02574617478297711 0.040346359019304674 0.11605981893492166 0.045256534141042991 0.063342910490130813 0.052278970431264518 0.037105509260633406 -0.029594930082151933 0.042646520076280184 0.070083363596021672 -0.035010834725619153 0.052715256653343007
leaf_weight=3321.6651227325201 5.920685000717639 4.2052182834595468 164.2829749211669 278.10041874833405 12.45783184841275 893.93050695024431 177.10133514553308 154.75256606936455 302.39048823714256 104.4878043262288 76.568131877109408 12.290328833274542 8.6098759565502387 390.6096034348011 13.512043431401255 267.60540895536542 51.533863307908177 163.2059965422377 107.81252776645124 157.68469297885895 13.030479423701761 10.04037109017372 51.308852229267359 369.61975626647472 232.99984322488308 16.700993612408638 17.676930829882622 11.893321737647058 16.217570647597313 159.11585380136967
leaf_count=1017 35 87 546 3029 194 17519 298 3193 167 3101 1096 55 161 1507 18 980 177 659 914 144 5 60 122 161 189 36 13 4 44 74
internal_value=0.0379973 0.0134665 0.0077076 0.0111332 0.00388478 0.0125938 0.0241627 -0.0143518 0.0551979 -0.0269243 0.00129015 0.0939542 -0.0166551 0.0154224 0.0293847 0.0276627 0.0222515 0.0418666 0.0110317 0.042522 0.0496709 0.0882444 0.0459921 0.0579126 0.0419606 0.0386242 0.00755121 0.0411662 0.00945304 0.0434398
internal_weight=7567.33 3119.05 2290.43 2084.27 1339.24 906.388 745.024 432.853 4448.28 206.161 101.674 16.4955 85.178 554.893 828.624 805.072 590.158 214.74 375.418 214.914 190.132 23.5524 208.994 3691.28 756.995 454.605 34.3779 420.227 28.1109 392.116
internal_count=35605 33900 30791 26291 23935 17713 2356 6222 1705 4500 1399 142 1257 2053 3109 3031 2730 836 1894 301 303 78 266 1178 527 360 49 311 48 263
is_linear=0
shrinkage=0.05


Tree=34
num_leaves=31
num_cat=0
split_feature=9 9 4 6 1 1 6 4 1 9 9 6 6 6 5 1 9 1 5 1 5 6 5 1 5 1 1 4 6 9
split_gain=1211.23 95.311 86.3808 84.1179 69.5309 94.3482 54.4834 50.5362 43.9628 36.2257 97.493 47.495 23.2211 22.9664 43.5089 24.3379 15.3474 29.0049 46.8006 7.81224 7.71408 4.74683 9.02271 3.83564 1.98251 11.33 3.16049 1.46308 1.4317 1.3459
threshold=0.87602355217232619 0.78075233748944217 11.500000000000002 -0.025682203733224714 -0.0062637383197937093 -0.00040629993843771523 -0.011346232049407821 6.5000000000000009 -0.0022009293447712293 0.97064200526007005 0.97504266454213395 0.044133880472554794 -0.0036484078646561997 -0.045882999179252031 0.059894693841789921 0.0028658193219045507 0.84448106573143 -0.047966522630089763 0.00030159282149678129 -0.0013170046635547215 0.035283868412023793 0.10008054138168089 0.15313134460521474 -0.015445797961077088 0.043075982712633749 -0.020110409627262179 -0.0023770895279503486 1.5000000000000002 -0.032718672487115789 0.72544886116289808
decision_type=2 2 2 2 2 2 2 2 2 2 2 2 2 2 2 2 2 2 2 2 2 2 2 2 2 2 2 2 2 2
left_child=1 21 3 7 9 8 -7 13 -6 11 -11 -5 24 14 -2 -15 19 27 -19 23 -21 29 -23 -14 25 -3 -26 -18 -28 -1
right_child=2 12 -4 4 5 6 -8 -9 -10 10 -12 -13 16 15 -16 -17 17 18 -20 20 -22 22 -24 -25 26 -27 28 -29 -30 -31
leaf_value=0.058338746971494583 -0.070562715480793362 0.056907985133584783 -0.052020865592211342 0.011245074577476685 -0.004563014173255343 -0.040835258154908148 0.010358995346624838 -0.072586541576631469 -0.053929553090076326 0.10692604092504986 0.023975582926877455 0.087200189064366593 0.043392843498702094 0.065446042751920591 0.036159221222745251 -0.0019354412499335582 0.051170338597841716 -0.015178063338367102 0.041553279230779491 0.038025316985223045 0.011449520988992525 0.061217918649361242 0.029052872690263978 0.056085561843006108 0.04651260150792056 0.023543536516786034 0.054648736939566372 0.039384099075067527 0.064355212402920428 0.055863726360288947
leaf_weight=2493.5119801461697 10.246868290007113 84.127497360110283 52.376551079563797 361.90916868299246 90.573515565134585 53.591243511065841 1719.0693029854447 9.9302395069971663 89.822902400046587 44.694653011858463 170.74146239459515 21.822343498468399 233.64260806143284 114.84768183529377 140.45831177104264 15.171458986587821 61.736517816781998 76.108696669340134 69.595955692231655 285.19883900880814 30.196685001254082 46.042167693376541 41.413307674229145 79.867026045918465 78.055473297834396 36.477913364768028 87.702210754156113 45.911333873867989 67.021759122610092 704.46678146719933
leaf_count=771 86 30 2482 1102 1284 1044 22553 144 2708 130 1456 19 151 221 223 113 31 177 89 213 50 16 50 39 42 42 34 36 17 252
internal_value=0.036857 0.0530271 0.0116068 0.012779 0.00987659 0.00530554 0.00881129 0.0382653 -0.0291436 0.0247765 0.0411846 0.0155645 0.0411893 0.0421865 0.0289029 0.0575835 0.0368513 0.0264612 0.0119197 0.0410369 0.0354809 0.0574792 0.0459866 0.0466263 0.0520196 0.0468167 0.0547152 0.0461436 0.0588533 0.0577935
internal_weight=7416.33 4521.08 2895.26 2842.88 2552.22 1953.06 1772.66 290.655 180.396 599.168 215.436 383.732 1235.64 280.724 150.705 130.019 882.258 253.353 145.705 628.905 315.396 3285.43 87.4555 313.51 353.385 120.605 232.779 107.648 154.724 3197.98
internal_count=35605 2040 33565 31083 30296 27589 23597 787 3992 2707 1586 1121 951 643 309 334 786 333 266 453 263 1089 66 190 165 72 93 67 51 1023
is_linear=0
shrinkage=0.05


Tree=35
num_leaves=31
num_cat=0
split_feature=9 9 4 2 4 6 4 4 5 9 5 5 5 5 6 9 5 4 6 4 6 5 9 4 5 6 9 9 5 9
split_gain=1222.09 85.1099 78.6396 61.5371 65.8279 47.2512 112.301 63.1086 45.5663 43.6206 42.8258 37.3234 35.4758 31.6998 21.7952 10.0402 16.7053 15.2968 13.1117 19.727 7.84572 3.80182 9.89177 3.51558 3.43404 1.37961 1.36024 1.22073 1.17151 3.24609
threshold=0.87602355217232619 0.78075233748944217 11.500000000000002 1.0000000180025095e-35 4.5000000000000009 1.0000000180025095e-35 10.500000000000002 7.5000000000000009 0.012565132099709187 0.96596590590239739 0.0067198287747458046 0.001374557321604119 0.0042932603296189286 0.016548462718161346 -0.0036484078646561997 0.82947877229335842 0.069378186824279264 1.5000000000000002 0.019086713809668813 2.5000000000000004 0.044133880472554794 0.15313134460521474 0.56850880655651437 2.5000000000000004 0.01613670944837577 -0.05863873842936073 0.72544886116289808 0.69155430444242572 0.053495106629639071 0.82947877229335842
decision_type=2 2 2 2 2 2 2 2 2 2 2 2 2 2 2 2 2 2 2 2 2 2 2 2 2 2 2 2 2 2
left_child=1 20 3 5 8 7 11 9 12 -2 -8 -7 -5 -10 24 18 17 -17 23 -20 26 27 -23 -16 -3 -9 -1 -22 29 -26
right_child=2 14 -4 4 -6 6 10 25 13 -11 -12 -13 -14 -15 15 16 -18 -19 19 -21 21 22 -24 -25 28 -27 -28 -29 -30 -31
leaf_value=0.057802773661697976 0.02201800019023864 0.038885720355714665 -0.051843265314620107 0.024423167950563433 -0.055353599297954859 -0.035705757166558431 0.11011146744949596 -0.087885180853411418 0.087240716977597263 0.0061706932286365876 -0.052382426554331188 -0.003516051482491748 -0.059372855030767384 0.037856022223354761 0.041057294910240953 0.034601120270361822 0.063364766254375246 0.012086236725979405 0.063530051444812483 -0.014378032451574881 0.055088994937255213 0.051605379520679451 0.0041110357874901606 0.05103632127661293 0.056440958789920483 -0.052718210151859228 0.055181100477098281 0.045216709067584904 0.055536928401370526 0.039916146289619807
leaf_weight=2281.1665565520525 758.67964237555861 48.756147474050522 50.386286959983408 302.61629258468747 22.874485943466425 118.38741438183933 27.020146182738248 3.0659395586699238 49.579792657867074 1015.3876572325826 4.7707415306940666 376.21981016173959 13.180772503837941 94.296738676726818 320.44838337600231 227.3978980332613 35.092111013829708 112.89203559607267 12.387317165732382 23.615293279290199 72.324360951781273 29.930057883262634 17.299698285758495 121.808269277215 68.539473682641983 30.859113516286016 631.79372264444828 55.220838144421577 195.27496203780174 52.468969210982323
leaf_count=730 2243 40 2494 1748 625 2412 51 19 56 16087 158 6213 174 248 211 222 35 182 9 52 27 14 39 57 24 1037 234 32 74 37
internal_value=0.0353613 0.0522008 0.0100701 0.0111776 0.0274318 0.00781762 -0.00536589 0.011656 0.0315514 0.0129478 0.0857266 -0.0112209 0.0209257 0.054874 0.0410122 0.0366396 0.0305189 0.0271318 0.0414437 0.0124276 0.0566168 0.0463273 0.0342088 0.0438058 0.0512374 -0.0558964 0.0572342 0.0508148 0.0531415 0.0492758
internal_weight=7173.74 4306.42 2867.32 2816.94 482.548 2334.39 526.398 1807.99 459.674 1774.07 31.7909 494.607 315.797 143.877 1218.68 853.641 375.382 340.29 478.259 36.0026 3087.74 174.775 47.2298 442.257 365.04 33.9251 2912.96 127.545 316.283 121.008
internal_count=35584 2019 33565 31071 2851 28220 8834 19386 2226 18330 209 8625 1922 304 943 768 439 404 329 61 1076 112 53 268 175 1056 964 59 135 61
is_linear=0
shrinkage=0.05


Tree=36
num_leaves=31
num_cat=0
split_feature=0 1 4 6 0 1 1 6 1 4 9 6 9 4 0 4 5 5 0 1 0 9 6 5 6 0 1 4 9 6
split_gain=1256.62 80.3801 66.1671 61.4813 58.8033 56.9804 57.1019 191.974 50.0893 48.1673 37.5277 19.0796 14.68 36.3637 12.0813 6.31561 6.16926 38.3579 57.5788 6.74309 5.95777 4.37593 3.26722 19.6415 4.63861 9.52555 2.53735 1.92702 1.76282 1.39311
threshold=0.84841191434953422 -0.047966522630089763 11.500000000000002 -0.017694124760816606 0.77403764581199941 0.00054414420779280725 0.00047212581336397724 -0.0033909928026362164 0.074105498205765633 10.500000000000002 0.92574062103268606 -0.016802200792645935 0.91174007701742654 1.5000000000000002 0.90650547463159514 2.5000000000000004 1.5393099490174267e-05 0.016776091195619614 0.8107243397690993 -0.00040629993843771523 0.90262237211738949 0.82947877229335842 -0.036143041966964599 0.07723870025598728 3.1203286816217097e-05 0.8107243397690993 -0.021128364770159887 3.5000000000000004 0.81546828354049861 -0.05863873842936073
decision_type=2 2 2 2 2 2 2 2 2 2 2 2 2 2 2 2 2 2 2 2 2 2 2 2 2 2 2 2 2 2
left_child=4 3 5 -2 28 6 9 -8 10 -3 -7 -5 20 -14 -10 16 19 18 -18 26 -13 -21 23 -17 27 -26 -6 -24 -1 -19
right_child=1 2 -4 11 15 8 7 -9 14 -11 -12 12 13 -15 -16 22 17 29 -20 21 -22 -23 24 -25 25 -27 -28 -29 -30 -31
leaf_value=0.056660803845629909 -0.076776991415132251 0.011233014422921045 -0.051437825991247722 0.12814524915055778 0.045154730259146042 0.014119000483284367 0.53812870445918093 -0.058231338207571093 0.058440458677062226 0.070610502901401792 -0.018888904860685299 0.042254677139807142 0.036831596877217675 -0.063461423425113614 0.017632001845569605 0.0015071214878906471 0.030909580808052763 0.037348144416677991 -0.088914928632796209 0.04011171604036632 0.064761355028317064 0.023225584645002351 0.04878653325987007 0.053651504169716292 0.051763233276132616 0.024988237222647165 0.057805590313682258 0.058292924691564753 0.048917631505410168 0.049826415434793256
leaf_weight=2889.2210893034935 11.397342160344122 2131.4327783100307 46.27692295704037 6.2614132463932028 124.73786792159081 111.18362913094461 2.1893914118409157 3.5176498172804704 23.703040510416031 34.710786857642233 381.84738213103265 148.06728482246399 48.713826388120651 11.096635596826671 77.228703610599041 25.727353125810623 30.740052685141563 31.120699986815453 14.877960070967672 158.84029196202755 36.689581222832203 50.584508299827576 104.73013035953045 60.590349733829498 91.051185235381126 52.297187030315399 58.094593778252602 108.57173600792885 75.422518759965897 79.523323178291321
leaf_count=993 67 20360 2478 2 72 415 3 73 35 251 9530 109 114 98 334 44 26 26 49 107 30 55 55 29 40 52 24 35 39 39
internal_value=0.0343039 0.0103243 0.00785549 0.0368 0.0529385 0.00884757 0.0126006 0.17055 -0.00487567 0.0121845 -0.0114453 0.0419608 0.0397543 0.0182242 0.0272156 0.0423976 0.0388115 0.0304101 -0.00817025 0.0421583 0.0467241 0.036033 0.0468382 0.0381097 0.0489508 0.041995 0.0491745 0.0536253 0.0564638 0.0463167
internal_weight=7030.45 3074.32 2812.09 262.226 3956.13 2765.81 2171.85 5.70704 593.963 2166.14 493.031 250.829 244.567 59.8105 100.932 991.487 548.519 156.262 45.618 392.257 184.757 209.425 442.968 86.3177 356.65 143.348 182.832 213.302 2964.64 110.644
internal_count=35584 33899 33479 420 1685 31001 20687 76 10314 20611 9945 353 351 212 369 653 398 140 75 258 139 162 255 73 182 92 96 90 1032 65
is_linear=0
shrinkage=0.05


Tree=37
num_leaves=31
num_cat=0
split_feature=0 1 2 4 0 0 9 0 1 6 9 4 1 6 6 9 4 4 2 6 6 4 0 1 0 1 1 1 9 6
split_gain=1225.31 74.3581 79.011 72.6615 60.8624 56.8199 87.4133 64.4866 95.3579 56.5878 51.2655 46.052 28.9481 27.1684 15.9772 13.8467 33.4001 6.18244 5.70062 5.9338 6.51025 6.16552 5.34555 5.2065 5.09882 4.78204 4.30698 14.6698 1.88378 1.02331
threshold=0.84841191434953422 -0.047966522630089763 1.0000000180025095e-35 4.5000000000000009 0.77403764581199941 1.0151325319404976 1.1105709099141998 1.0147893011511844 -0.0034936240804624981 -0.017694124760816606 1.2233683662751009 11.500000000000002 0.10637349610893444 0.00056845546966993743 -0.016802200792645935 0.91174007701742654 1.5000000000000002 2.5000000000000004 1.0000000180025095e-35 -0.032718672487115789 3.1203286816217097e-05 3.5000000000000004 0.83782188591090134 -0.085023727219154674 0.90262237211738949 -0.026721730846886945 -0.022321372471672814 -0.0049145169128077528 0.81546828354049861 0.039767323020250218
decision_type=2 2 2 2 2 2 2 2 2 2 2 2 2 2 2 2 2 2 2 2 2 2 2 2 2 2 2 2 2 2
left_child=4 9 5 12 28 7 -7 11 -9 -2 -8 -3 13 -4 -11 24 -17 22 19 21 -21 -19 23 -6 -16 -25 -24 -28 29 -1
right_child=1 2 3 -5 17 6 10 8 -10 14 -12 -13 -14 -15 15 16 -18 18 -20 20 -22 -23 26 25 -26 -27 27 -29 -30 -31
leaf_value=0.056254028319086324 -0.07515287244251026 0.005985177317383494 0.024252176691579537 -0.054701913141984394 0.051297604910507645 -0.052024630511717442 0.07269718201747144 0.35952084767110576 -0.051607486167786348 0.11804433611922394 -0.055235891795460103 -0.051456952385441249 -0.08943266218691949 0.052162920038471887 0.040975536813494993 0.034898043575012659 -0.06273305835971274 0.045961145220491641 0.054999042001522759 0.05189086278556352 0.035472361185768027 0.01250355067656988 0.0035446173618527187 0.023859389015796352 0.061886341854872823 0.039537886393177582 0.07107400903218368 0.012159167723779618 0.047957220611199454 0.050590708760777647
leaf_weight=2693.5514730587602 11.06978692486882 2127.1475262986496 364.31511576287448 26.934084670618176 79.443058952689171 100.55899149738252 27.672122713178396 3.117836045101285 2.5754334181547156 6.4519676566123954 10.921153541654347 35.473978866357356 5.0479648057371369 114.62035669386387 145.13061387091875 48.838796906173229 10.674887407571076 24.873212337493896 121.40608167648315 154.17084942758083 99.242669612169266 30.845139279961586 18.015643492341042 56.907902047038078 36.479551717638969 334.52675777673721 16.055235847830772 30.905046969652176 73.144484981894493 82.198152005672455
leaf_count=955 67 24065 1859 889 36 3885 174 9 112 2 198 1918 35 335 109 114 98 16 49 70 76 44 26 56 30 231 6 43 39 38
internal_value=0.0332668 0.00979167 0.00743705 0.0252283 0.0521995 0.00349773 -0.0274742 0.00548536 0.173541 0.0354493 0.0364946 0.00504294 0.0296765 0.0309319 0.0403946 0.0383168 0.0173861 0.0413567 0.0458183 0.0422127 0.045461 0.0274393 0.037772 0.0396271 0.0451758 0.0372585 0.0243282 0.0323015 0.0558776 0.0560863
internal_weight=6892.32 3077.03 2818.38 510.918 3815.29 2307.47 139.152 2168.31 5.69327 258.646 38.5933 2162.62 483.983 478.935 247.576 241.124 59.5137 966.392 430.538 309.132 253.414 55.7184 535.854 470.878 181.61 391.435 64.9759 46.9603 2848.89 2775.75
internal_count=35584 33899 33479 3118 1685 30361 4257 26104 121 420 372 25983 2229 2194 353 351 212 653 255 206 146 60 398 323 139 287 75 49 1032 993
is_linear=0
shrinkage=0.05


Tree=38
num_leaves=31
num_cat=0
split_feature=0 1 0 5 0 0 5 0 1 1 9 9 0 0 1 6 6 1 0 0 0 0 0 1 0 9 6 0 6 9
split_gain=1192.49 69.7205 63.1334 54.1468 96.4559 109.417 133.211 60.0826 47.4233 42.8976 35.6094 67.6111 48.3058 80.981 42.1149 34.2758 106.197 33.7479 28.6109 27.7954 19.829 12.0928 83.3433 13.3722 11.1897 18.8562 13.0807 5.96678 11.9931 44.6594
threshold=0.84841191434953422 0.00054414420779280725 0.77403764581199941 1.0000000180025095e-35 1.0014757722312477 0.99990775278116384 0.00016375351784740603 1.0010380571737927 0.074105498205765633 -0.026721730846886945 0.92574062103268606 0.92266035185870965 0.99107881815341237 0.99145279293465305 0.024617294613363875 0.01076726791894689 0.011153225166589511 -0.020110409627262179 1.113510578831949 0.87602931846699661 0.91045957885344941 0.99854302358755287 0.99899811062374144 -0.035782336360833715 0.90650547463159514 0.93793634176222473 -1.0000000180025095e-35 0.8107243397690993 2.5977815187094858e-05 0.79993701601943779
decision_type=2 2 2 2 2 2 2 2 2 2 2 2 2 2 2 2 2 2 2 2 2 2 2 2 2 2 2 2 2 2
left_child=2 3 -1 9 5 6 -5 -7 10 21 11 14 20 -14 -3 -6 -17 19 -19 -11 -12 23 -23 -2 -10 -26 -27 -4 -29 -30
right_child=1 8 27 4 15 7 -8 -9 24 17 12 -13 13 -15 -16 16 -18 18 -20 -21 -22 22 -24 -25 25 26 -28 28 29 -31
leaf_value=0.055317856746553422 0.04080808283557763 0.013577956632718836 0.044446753705368325 -0.062720944933594411 -0.051476679104108525 0.040510637362582425 0.0092792806754479745 0.15688893650424388 0.055279063709594616 0.053459962899825381 0.023519645789312957 0.11381452608054587 0.18972941908015495 -0.0097396836711207205 -0.070388806877350704 0.12802097261205908 -0.053882462374393626 0.015863000044180828 0.078642678126349674 -0.071854904387434068 -0.046564909992916542 0.2884689145644771 0.020695541657049898 0.008186751296254173 -0.076832200650275254 -0.059447114132442358 0.028085255651692662 0.039775798885336403 0.046448462962473007 -0.03527787881717221
leaf_weight=2736.6825852096081 198.63457732647657 78.6965037509799 453.23879338055849 69.541007639840245 93.147885362617671 138.01670115627348 842.87766168545932 12.059363327920435 23.725051715970039 5.7901382446289089 10.874672476202248 14.378948919475077 5.202099264599382 232.57537162769586 18.430939281359315 11.935111965984104 24.482524232007563 987.30687041580677 18.488009337335825 18.767334297299385 140.30924346204847 3.7203898429870632 13.272801294922827 37.317222841084003 5.1057461760938159 4.5543453507125369 67.902897395193577 415.76297774910927 47.796224728226662 25.706074550747871
leaf_count=1032 212 230 264 911 4377 1287 6533 152 35 3 44 39 42 7856 146 26 785 7920 134 122 2489 1 114 105 32 56 248 305 26 58
internal_value=0.0322636 0.00929437 0.0514741 0.0130052 0.00533242 0.0102991 0.0037917 0.0498622 -0.00597029 0.0201324 -0.0122849 0.0126247 -0.0194259 -0.0053757 -0.00235561 -0.0353966 0.00573255 0.015603 0.017017 -0.0423083 -0.0415237 0.0385827 0.0793203 0.0356488 0.0252304 0.0160391 0.0225834 0.0403134 0.0364843 0.0178662
internal_weight=6756.3 3077.11 3679.19 2475.36 1192.06 1062.49 912.419 150.076 601.756 1283.3 500.468 111.506 388.961 237.777 97.1274 129.566 36.4176 1030.35 1005.79 24.5575 151.184 252.945 16.9932 235.952 101.288 77.563 72.4572 942.504 489.265 73.5023
internal_count=35584 33899 1685 22682 14071 8883 7444 1439 11217 8611 10846 415 10431 7898 376 5188 811 8179 8054 125 2533 432 115 317 371 336 304 653 389 84
is_linear=0
shrinkage=0.05


Tree=39
num_leaves=31
num_cat=0
split_feature=0 9 0 5 5 5 4 4 4 0 0 0 9 1 1 5 4 5 9 1 0 4 5 0 4 5 5 1 1 0
split_gain=1160.15 66.7063 65.3702 64.2626 65.4375 63.1137 55.7933 81.0139 55.514 52.7534 52.5215 50.7739 47.0562 41.5677 41.1758 35.8786 55.0417 50.2116 41.026 28.3982 28.1488 18.0175 20.3638 41.2522 6.36688 7.31381 40.3111 22.2178 8.85619 6.0464
threshold=0.84841191434953422 0.91860723257872767 0.79607143489532584 3.2271416690907417e-07 0.0012633113902844847 0.0014440182338539631 2.5000000000000004 1.5000000000000002 2.5000000000000004 0.98595475300474356 0.98417110034496114 1.0011824544668417 0.99998357769398416 -0.035782336360833715 0.00039267543666832166 0.00016375351784740603 1.5000000000000002 0.0015084914359830774 0.91174007701742654 -1.0000000180025095e-35 0.90262237211738949 2.5000000000000004 0.046353196112814021 0.8595186046617459 2.5000000000000004 0.059894693841789921 1.5393099490174267e-05 -0.022321372471672814 0.0047295420855203449 0.77403764581199941
decision_type=2 2 2 2 2 2 2 2 2 2 2 2 2 2 2 2 2 2 2 2 2 2 2 2 2 2 2 2 2 2
left_child=2 13 29 6 8 10 7 14 -5 -9 -6 -7 -10 21 -3 16 19 20 -19 -15 -17 -2 23 -23 25 26 28 -28 -4 -1
right_child=1 3 24 4 5 11 -8 9 12 -11 -12 -13 -14 15 -16 17 -18 18 -20 -21 -22 22 -24 -25 -26 -27 27 -29 -30 -31
leaf_value=0.05478089433012371 0.045712384157623388 0.014241786340479729 0.040248368596434991 -0.055484800912734215 0.12142966551398454 0.0060798542296424543 -0.058032664149007346 0.10209731132679133 -0.030901037929208348 0.032202158665166992 -0.052231630321698419 -0.024996050725262772 0.026792499318970039 0.033669901518024237 -0.010715369607496583 0.030783613400305748 -0.073083392019139479 0.020328253904143515 -0.068374206962381043 -0.0073772640705581805 0.10286894208979601 0.037660699633471725 0.05080655430881853 -0.085508604783379238 0.042218149479415441 0.047312383950091547 -0.083820298355152492 0.0033067582602458708 0.013737833490039063 0.046346495402502796
leaf_weight=2628.0844038575888 193.9871758967638 833.76765768043697 227.88059720396996 99.768640041351318 18.914830338209871 691.89589503686875 27.295026065781713 35.179359186440706 85.601229002699256 116.04920227080584 5.655649295076727 162.26840304583311 60.196965851821005 65.312051311135292 206.12773627787828 25.921062793582678 24.158656047657132 217.36090974137187 13.867139006033538 118.75104810297489 28.359370015561581 15.506440326571466 19.107191994786263 12.104738317430018 311.59934704005718 68.645269051194191 9.3279018849134427 33.942157581448555 36.556543990969658 231.17617406696081
leaf_count=1032 154 7057 158 2179 40 8491 363 36 1301 921 204 6948 1575 110 3229 48 158 519 101 330 33 12 19 71 208 39 29 49 44 126
internal_value=0.0312807 0.00881486 0.0507695 0.00469298 -0.00392778 0.00244895 0.0126478 0.0142675 -0.0267462 0.0484614 0.0814562 0.000176262 -0.00708061 0.0219629 0.00929479 0.0136574 -0.00212564 0.0251679 0.0150086 0.00718771 0.0684453 0.0389991 0.011124 -0.0163367 0.0369318 0.032555 0.0292629 -0.0154756 0.0365835 0.054099
internal_weight=6624.37 3077.16 3547.21 2342.72 1124.3 878.735 1218.42 1191.12 245.567 151.229 24.5705 854.164 145.798 734.436 1039.9 493.73 208.222 285.508 231.228 184.063 54.2804 240.706 46.7184 27.6112 687.952 376.352 307.707 43.2701 264.437 2859.26
internal_count=35584 33899 1685 32344 20738 15683 11606 11243 5055 957 244 15439 2876 1555 10286 1299 598 701 620 440 81 256 102 83 527 319 280 78 202 1158
is_linear=0
shrinkage=0.05


Tree=40
num_leaves=31
num_cat=0
split_feature=9 9 5 5 5 5 6 4 1 4 9 6 5 6 9 4 1 6 1 9 9 1 6 5 1 6 6 9 1 5
split_gain=1274.89 110.332 95.6724 72.6508 146.024 83.5535 59.0993 48.2754 24.4473 30.7016 22.8177 21.8192 21.103 21.0542 20.8833 20.5661 19.2847 19.7577 31.8142 14.3726 13.3991 10.7005 5.76663 7.4197 5.41257 4.53057 3.80547 3.12011 2.32353 2.23764
threshold=0.87602355217232619 0.78075233748944217 0.043075982712633749 0.028047044483728505 0.027283392673848338 0.018078569768942811 0.021679216363217627 6.5000000000000009 1.0000000180025095e-35 3.5000000000000004 0.90830921481386595 -0.011346232049407821 0.047959329227770152 -0.039890419781842039 0.89051775491469998 3.5000000000000004 -0.010894836876026102 0.019086713809668813 0.01008461402377331 0.82947877229335842 0.8960351665440115 -0.0071235494975880045 0.044133880472554794 0.15313134460521474 -0.023449129795589992 -1.0000000180025095e-35 -0.027672905983012249 0.84448106573143 -1.0000000180025095e-35 0.093810821167158678
decision_type=2 2 2 2 2 2 2 2 2 2 2 2 2 2 2 2 2 2 2 2 2 2 2 2 2 2 2 2 2 2
left_child=1 22 3 4 5 6 -2 8 12 10 -10 27 15 -14 -7 -4 24 19 -19 -18 -5 -6 -1 29 25 -13 -23 -3 -29 -24
right_child=2 11 7 20 21 14 -8 -9 9 -11 -12 16 13 -15 -16 -17 17 18 -20 -21 -22 26 23 -25 -26 -27 -28 28 -30 -31
leaf_value=0.054643550831950494 0.0013986624502099593 0.051884886011161861 0.093289119095679676 0.0019095860390648039 0.068374675267589613 0.025420963138208599 0.10126354502641755 -0.068425344637926183 -0.11370884600482023 -0.073081789588798379 0.030039330059529454 0.020898178768254894 0.044840795285660387 0.01281191881499001 -0.055893201949991811 0.0077986366089255275 0.035454048927205037 -0.060231786853046754 0.032570057082149627 0.015844782186281183 -0.058306122346397829 0.11130881120669103 0.045149725293959934 0.026995647832574285 0.048532639062552112 0.037944254950794586 0.15843143837305332 0.028891431311311257 0.046311850595291741 0.058606218584743498
leaf_weight=2397.1220872402191 2246.8397364872508 164.64964435994625 29.632488582283258 10.864817187190054 7.0370874479413059 8.7761940956115705 14.913163238205014 12.300735808908938 2.9528415761888018 10.811192740686236 42.407356657087803 46.063359916210175 139.14211020153016 81.282373235560954 78.726507997140288 9.2249051686376315 212.07893758267164 17.567749679088593 19.471038013696671 167.04742016643286 61.714933531358838 6.8223233576864049 68.889570854604244 42.487701520323753 104.63381420075893 253.49534329026937 11.517040118575093 30.060549594461918 52.695347167551517 56.012005262076855
leaf_count=963 29406 73 56 23 8 14 108 221 19 135 173 49 172 266 1667 45 161 66 27 252 1029 12 40 54 66 188 58 27 29 20
internal_value=0.0288996 0.048394 0.00338254 -1.50595e-05 0.00149108 0.000202427 0.00205713 0.0287511 0.0325404 0.0026352 0.0206817 0.034889 0.0390191 0.03303 -0.0477377 0.0729933 0.0309638 0.0234088 -0.0114465 0.026814 -0.0492921 0.120789 0.054017 0.0450446 0.0387426 0.0353231 0.140902 0.0479041 0.039984 0.0511843
internal_weight=6407.24 3632.27 2774.97 2447.21 2374.63 2349.26 2261.75 327.754 315.453 56.1714 45.3602 1067.76 259.282 220.424 87.5027 38.8574 820.358 416.165 37.0388 379.126 72.5798 25.3765 2564.51 167.389 404.193 299.559 18.3394 247.406 82.7559 124.902
internal_count=35427 2015 33412 32325 31273 31195 29514 1087 866 327 192 938 539 438 1681 101 809 506 93 413 1052 78 1077 114 303 237 70 129 56 60
is_linear=0
shrinkage=0.05


Tree=41
num_leaves=31
num_cat=0
split_feature=0 0 1 4 4 0 5 0 1 9 0 1 0 5 9 4 1 2 1 0 0 4 2 1 9 5 0 1 4 1
split_gain=1272.49 114.117 69.0703 42.8881 44.7445 52.5499 39.9733 32.1363 16.3067 18.5594 49.7506 12.6897 29.2278 11.4384 15.1172 47.7851 12.9379 30.2899 8.70345 4.47671 6.45452 4.37313 4.23206 5.45127 4.15552 31.5817 3.80263 3.29758 2.41259 1.96726
threshold=0.82432629697368109 0.87602931846699661 -0.058461263724421668 11.500000000000002 10.500000000000002 0.99998856840019723 0.15313134460521474 0.77403764581199941 -0.074537891757807104 0.90830921481386595 1.4286749690701364 0.0054933059670771453 0.79607143489532584 0.059894693841789921 0.87602355217232619 2.5000000000000004 -0.047966522630089763 1.0000000180025095e-35 0.062979500749437936 0.91778762243595724 0.93053894326856301 1.5000000000000002 1.0000000180025095e-35 -0.035782336360833715 0.89051775491469998 0.0636704152887443 0.79607143489532584 -0.0019149856638733807 2.5000000000000004 -0.029825017707375553
decision_type=2 2 2 2 2 2 2 2 2 2 2 2 2 2 2 2 2 2 2 2 2 2 2 2 2 2 2 2 2 2
left_child=7 13 8 4 6 -6 -4 -1 9 -3 -11 22 -13 14 16 -16 21 -18 -14 -10 -21 -2 23 26 -15 -26 -9 -27 -24 -25
right_child=1 2 3 -5 5 -7 -8 11 19 10 -12 12 18 24 15 -17 17 -19 -20 20 -22 -23 28 29 25 27 -28 -29 -30 -31
leaf_value=0.053924928492416535 0.045289503697529168 0.041947818169121666 0.00085667913929995748 -0.051232061286771095 -0.052832837000104362 0.086224417171252579 -0.070573070346451064 0.042423672845307459 0.036755417615791035 -0.074804070075072102 0.089939126436279326 0.045805118369734832 -0.05577260784573769 0.047356558370941007 0.041225475021912344 -0.098807228060146815 0.0090907998249094447 0.043231632139588895 0.0074221894794505461 0.080280244918485955 0.042016535342399117 0.025969590794982619 0.041805119074127539 0.055242374905796456 0.083564417208771835 0.0089392321579411359 0.021998699026471211 -0.031151018431560668 0.056254640583129657 0.0426009707440555
leaf_weight=2441.4961554780602 84.471689164638519 32.350253373384476 2467.0158805688843 39.738271361682564 8.7994602769613248 29.809977148659527 19.742992435581982 38.37756959348917 21.513260819017887 13.507555717602374 6.935846395790576 37.41808070987463 11.911570951342584 77.793577000498772 15.364775717258455 10.094845362007616 209.02954831719398 94.263726189732552 10.041357308626173 26.626926153898239 18.804732287302613 44.837387293577194 44.214311122894287 34.834364458918571 14.36995133012533 9.4037625789642316 56.096717327833176 11.284406915307047 83.337798804044724 264.15956687927246
leaf_count=1033 48 32 30169 2414 240 169 144 24 24 100 8 21 30 44 17 48 326 69 15 9 54 43 28 13 10 16 57 28 30 164
internal_value=0.0280448 0.00635718 0.00204055 0.000307859 0.00111887 0.0545319 0.000289581 0.051411 0.0391592 0.0183811 -0.0189115 0.0408356 0.018934 0.0266571 0.0231442 -0.0142981 0.0253478 0.0197018 -0.0268671 0.055545 0.0644424 0.0385904 0.0433313 0.0407656 0.0409156 0.0266232 0.0302958 -0.0129281 0.0512459 0.0440738
internal_weight=6277.65 3255.76 2684.85 2565.11 2525.37 38.6094 2486.76 3021.89 119.739 52.7937 20.4434 580.391 59.371 570.914 458.062 25.4596 432.602 303.293 21.9529 66.9449 45.4317 129.309 521.02 393.468 112.852 35.0581 94.4743 20.6882 127.552 298.994
internal_count=35427 34012 33363 33136 30722 409 30313 1415 227 140 108 382 66 649 551 65 486 395 45 87 63 91 316 258 98 54 81 44 58 177
is_linear=0
shrinkage=0.05


Tree=42
num_leaves=31
num_cat=0
split_feature=0 0 5 5 5 5 5 0 5 5 0 5 6 5 5 6 6 2 6 6 5 6 4 5 5 6 5 0 4 0
split_gain=1229.39 105.026 47.6888 86.3024 125.792 83.7554 72.758 34.962 57.6193 36.8498 33.1334 10.675 44.1265 8.90581 20.7208 8.38453 10.6481 4.68079 4.66898 4.37804 3.72391 3.53201 9.47844 4.17824 4.91294 1.66929 1.39624 1.12659 1.09867 0.875569
threshold=0.82432629697368109 0.87602931846699661 0.043075982712633749 0.028047044483728505 0.027283392673848338 0.018078569768942811 0.15313134460521474 1.0565459552001049 0.04451215428796141 0.046353196112814021 0.77403764581199941 0.059894693841789921 -0.027672905983012249 0.034160085133787071 0.0085271757173947492 -0.045882999179252031 -0.069593545483374528 1.0000000180025095e-35 0.0040677372794729614 0.010382374697493259 0.00097906821268702667 -0.027672905983012249 3.5000000000000004 0.0067198287747458046 1.9023395836585481e-05 -0.069593545483374528 0.053495106629639071 0.71671809518199014 4.5000000000000009 0.61931832427996414
decision_type=2 2 2 2 2 2 2 2 2 2 2 2 2 2 2 2 2 2 2 2 2 2 2 2 2 2 2 2 2 2
left_child=10 11 3 4 5 -3 7 9 -9 -4 25 12 -2 14 -14 16 -13 21 -17 -6 -19 22 -12 24 -23 28 -25 -27 29 -1
right_child=1 2 6 -5 19 -7 -8 8 -10 -11 17 15 13 -15 -16 18 -18 20 -20 -21 -22 23 -24 26 -26 27 -28 -29 -30 -31
leaf_value=0.047657305775407721 -0.092389303302596343 0.0018990136335431025 -0.062497799589561122 -0.058737300188427155 0.092020469634335633 -0.049284843694662898 -0.070381174988457473 0.26813526968921447 0.04540202310801586 0.030263298482924805 0.041715053115357337 0.040941403208382424 0.026040199071421296 0.044336779612545896 -0.0098024338502546698 0.063214560357493982 -0.015408286603626253 0.036251123456324516 0.038094401885791461 0.13307831905834172 0.054241563519568672 0.039227105337799571 0.00067420708336874899 0.05078372767066304 0.022173284273917175 0.054505514046137321 0.039096724070156873 0.051815713657587331 0.041855245060706842 0.055043921673625554
leaf_weight=89.181914374232292 8.2363737747073156 2261.1308499202132 11.296660893596707 61.377461471129209 15.152104590088131 82.854525979608297 19.364755823276937 3.9568187594413748 10.908594302833079 204.89915524469689 37.159468486905098 22.162052229046822 348.57805834710598 49.787299558520317 45.59693868458271 32.843202412128448 13.484607025980948 43.01552028208971 42.349225535988808 11.360927723348139 86.82231517136097 203.38085381686687 22.63964756578207 80.245887704193592 53.299072816967964 1627.3134304583073 37.498321823775768 511.69054163247347 41.415592648088932 72.921172432601452
leaf_count=49 40 29506 140 1039 37 1681 146 10 81 682 24 25 392 34 85 15 27 32 31 41 35 139 35 37 54 686 26 241 28 29
internal_value=0.0272125 0.00605954 0.00193853 -0.000200875 0.00131476 8.97813e-05 0.0227142 0.0305163 0.104688 0.0254163 0.0508308 0.025692 0.0222834 0.0244108 0.021894 0.039598 0.0196251 0.0399517 0.0490666 0.109614 0.0482813 0.0374611 0.0261772 0.0392632 0.0356859 0.0534504 0.0470617 0.0538621 0.0491232 0.0509801
internal_weight=6151.92 3245.34 2682.3 2431.88 2370.5 2343.99 250.426 231.061 14.8654 216.196 2906.58 563.038 452.199 443.962 394.175 110.839 35.6467 564.061 75.1924 26.513 129.838 434.223 59.7991 374.424 256.68 2342.52 117.744 2139 203.519 162.103
internal_count=35427 34012 33363 32304 31265 31187 1059 913 91 822 1415 649 551 511 477 98 52 382 46 78 67 315 59 256 193 1033 63 927 106 78
is_linear=0
shrinkage=0.05


Tree=43
num_leaves=31
num_cat=0
split_feature=0 0 1 1 1 9 0 9 1 0 1 9 0 1 0 1 2 1 1 0 9 1 1 5 2 1 1 0 4 0
split_gain=1187.64 96.5384 62.8502 40.8451 50.3678 60.1459 45.6346 130.456 52.0436 34.1549 14.691 16.6729 45.6104 12.5064 27.8743 11.2734 12.3001 12.5501 64.0136 11.0319 10.5515 7.69482 6.04258 8.6454 4.29194 5.42378 4.18685 3.89948 3.85143 3.2268
threshold=0.82432629697368109 0.87602931846699661 -0.058461263724421668 1.0000000180025095e-35 0.087792935120329721 0.92574062103268606 0.99998856840019723 0.98849186105817444 -0.0002268792775623196 0.77403764581199941 -0.074537891757807104 0.90830921481386595 1.4286749690701364 0.0054933059670771453 0.79607143489532584 -0.12929531592348445 1.0000000180025095e-35 -0.047966522630089763 -0.014412151847985775 1.0010380571737927 0.85613749570892383 0.062979500749437936 -0.010894836876026102 0.0097966893396157582 1.0000000180025095e-35 -0.035782336360833715 -0.023449129795589992 0.79607143489532584 1.5000000000000002 0.91045957885344941
decision_type=2 2 2 2 2 2 2 2 2 2 2 2 2 2 2 2 2 2 2 2 2 2 2 2 2 2 2 2 2 2
left_child=9 15 10 6 5 -5 7 -4 -8 -1 11 -3 -13 24 -15 -2 17 20 -19 -6 -17 -16 26 -24 25 27 -18 -11 -12 -30
right_child=1 2 3 4 19 -7 8 -9 -10 13 28 12 -14 14 21 16 22 18 -20 -21 -22 -23 23 -25 -26 -27 -28 -29 29 -31
leaf_value=0.052991823807853312 0.048510514905058123 0.03993594286765937 0.0051934750352387073 0.019739226156706639 0.03621749874129377 -0.026152283700448815 -0.016349069330806119 -0.036718133478939485 0.020589603804265725 0.040985140632773323 0.062068674682417405 -0.073453000664456633 0.085085290961078169 0.044434770632148603 -0.054224536498276167 0.010436043228088701 0.032203745007844078 -0.058772907178532709 0.020711968809134076 -0.0062424231636631121 0.045396957682701765 0.0054627516516499303 0.038636140587162249 -0.0036133384662918357 0.049932351610174543 0.042417938915151582 0.057177918334149869 0.019787524528890533 0.054454942193198332 0.017950705917505184
leaf_weight=2247.0751047134399 45.743612200021744 31.875913262367249 1111.4126024264842 87.209132935851812 58.708473294973373 393.78583094663918 115.27108423784375 222.90511029493064 551.90618186118081 36.35059567540884 42.358265984803438 13.041741030290725 6.9565269239246836 35.213263906538486 12.047647699713709 32.294408112764359 29.67807725071907 28.027476444840431 263.23812083899975 20.688954503275454 65.06061790138483 9.7857368290424329 34.608405575156212 18.624250620603561 118.5709432810545 282.55866248905659 38.621104672551155 53.814609229564667 12.725066155195238 11.547139769420026
leaf_count=1033 23 32 5812 362 108 11050 3611 4755 7265 24 37 100 8 21 30 40 26 79 353 173 43 15 30 33 58 177 22 57 10 40
internal_value=0.0263895 0.00576934 0.00183661 0.000189921 -0.0117415 -0.0178317 0.00353056 -0.00180809 0.0142076 0.0502617 0.0374355 0.0174834 -0.0183044 0.0390735 0.0169137 0.024732 0.0225998 0.0182582 0.0130634 0.0251535 0.0337998 -0.0274727 0.0364831 0.0238545 0.0416466 0.0390108 0.0463259 0.0283335 0.0529689 0.0370886
internal_weight=6031.7 3236.29 2680.39 2561.89 560.392 480.995 2001.49 1334.32 667.177 2795.42 118.505 51.8742 19.9983 548.341 57.0466 555.896 510.152 388.621 291.266 79.3974 97.355 21.8334 121.532 53.2327 491.295 372.724 68.2992 90.1652 66.6305 24.2722
internal_count=35427 34012 33363 33136 11693 11412 21443 10567 10876 1415 227 140 108 382 66 649 626 515 432 281 83 45 111 63 316 258 48 81 87 50
is_linear=0
shrinkage=0.05


Tree=44
num_leaves=31
num_cat=0
split_feature=0 0 1 4 4 5 6 0 1 6 4 1 0 1 2 6 6 1 6 1 1 2 1 4 0 0 5 4 1 6
split_gain=1145.42 88.6058 57.4675 39.7684 40.0831 45.6757 42.3984 35.1311 13.2473 17.0409 21.3929 12.0545 25.8372 10.9478 11.5127 15.0716 12.9605 19.6462 17.1924 8.56707 6.61914 4.32713 5.28535 3.90872 3.74673 6.39099 3.48538 2.59396 2.10322 1.87153
threshold=0.82432629697368109 0.87602931846699661 -0.058461263724421668 11.500000000000002 10.500000000000002 0.0067198287747458046 -0.0093940108119761039 0.77403764581199941 -0.074537891757807104 0.050692122213471198 1.5000000000000002 0.0054933059670771453 0.79607143489532584 -0.12929531592348445 1.0000000180025095e-35 -6.3058156200335156e-05 -0.00013952543682765881 0.074105498205765633 -0.032718672487115789 -0.012513862005822994 0.062979500749437936 1.0000000180025095e-35 -0.035782336360833715 2.5000000000000004 0.91778762243595724 0.93053894326856301 0.0051442537218173408 2.5000000000000004 -0.029825017707375553 -0.069593545483374528
decision_type=2 2 2 2 2 2 2 2 2 2 2 2 2 2 2 2 2 2 2 2 2 2 2 2 2 2 2 2 2 2
left_child=7 13 8 4 6 -6 -4 29 9 10 -3 21 -13 -2 16 19 18 -18 -15 -16 -14 22 23 -9 -10 -26 -17 -23 -24 -1
right_child=1 2 3 -5 5 -7 -8 11 24 -11 -12 12 20 14 15 26 17 -19 -20 -21 -22 27 28 -25 25 -27 -28 -29 -30 -31
leaf_value=0.047784800077569585 0.047623533769782178 0.02059763706540424 0.020207636730224091 -0.051157314319455111 0.080287384065481512 -0.052123680759838392 -0.0019831323720197248 0.036439003462061484 0.033375972824810918 0.072238964654099735 -0.069086224425184514 0.043686816783720474 -0.049792463040668103 0.001199599308512858 0.031296765498127287 0.035119996393809041 0.006893388424717966 0.066415539485922881 0.040209290049553481 -0.033632662447319349 0.0052049790286928695 0.03906476094528278 0.053647624257428299 0.01513283835059657 0.07500443393991256 0.036833778490292672 0.054043607861536239 0.054836812302787565 0.039962836843718763 0.053002772862195957
leaf_weight=188.29498399794102 44.302568048238754 31.72097036242485 238.10811911802739 37.183209744282067 30.087672971189022 8.3122364198788983 2242.3132525393739 51.224743746221066 21.060553163290024 10.922484591603277 8.4128840472549182 34.054893285036087 12.452994689345362 38.919729486107826 9.3948088288307208 56.115313783288002 228.823660582304 14.757154136896132 102.97210013866425 11.062310889363287 9.757591634988783 40.249962575733662 31.75298884510994 37.128404952585697 26.039409518241882 18.943902688100934 42.960394620895386 73.993482768535614 242.51577754318714 1966.8318624719977
leaf_count=106 23 67 2298 2414 97 312 28015 38 24 5 68 21 30 79 14 48 342 12 82 29 15 28 13 43 9 54 20 30 164 927
internal_value=0.0256056 0.00550174 0.00174327 0.0001741 0.000931862 0.051625 0.000147071 0.049704 0.0359944 0.0168675 0.00179805 0.0382119 0.0163239 0.0237916 0.0217009 0.0352579 0.017497 0.0104995 0.0295093 -0.00381421 -0.0256309 0.0407944 0.038121 0.0274856 0.0507808 0.0589296 0.0433255 0.04928 0.0415472 0.0525469
internal_weight=5910.67 3222.41 2673.1 2556 2518.82 38.3999 2480.42 2688.26 117.1 51.0563 40.1339 533.131 56.2655 549.308 505.005 119.533 385.473 243.581 141.892 20.4571 22.2106 476.865 362.622 88.3531 66.0439 44.9833 99.0757 114.243 274.269 2155.13
internal_count=35427 34012 33363 33136 30722 409 30313 1415 227 140 135 382 66 649 626 111 515 354 161 43 45 316 258 81 87 63 68 58 177 1033
is_linear=0
shrinkage=0.05


Tree=45
num_leaves=31
num_cat=0
split_feature=0 4 0 1 1 1 1 1 9 1 5 5 1 4 0 9 0 4 5 4 5 5 5 5 1 5 1 0 5 4
split_gain=835.329 57.11 48.5802 38.6902 67.5627 48.1001 40.9342 43.6626 86.1974 39.3759 61.7402 40.5238 35.6534 26.8766 16.5711 6.27237 5.79335 3.29376 12.464 2.6884 6.85764 26.3986 3.09889 5.36317 2.18449 1.94696 1.76866 1.6821 1.47336 2.95955
threshold=0.83782188591090134 11.500000000000002 0.79607143489532584 0.0040197792074020975 0.0074319516581514153 0.0076241919152970636 0.0027622560023129465 0.0028658193219045507 1.0019867492989027 0.00054414420779280725 0.0041448572449966194 1.0000000180025095e-35 0.074105498205765633 1.5000000000000002 0.95095934902954371 0.78075233748944217 0.88949704911625471 4.5000000000000009 0.050275696128480728 2.5000000000000004 1.5393099490174267e-05 0.0636704152887443 0.00097906821268702667 0.035283868412023793 -0.00025928763925708859 0.01613670944837577 -0.0084614025790496466 0.71671809518199014 0.041485665194539251 3.5000000000000004
decision_type=2 2 2 2 2 2 2 2 2 2 2 2 2 2 2 2 2 2 2 2 2 2 2 2 2 2 2 2 2 2
left_child=2 3 15 6 16 14 9 13 -9 11 -11 -2 -7 -8 -6 27 -5 19 -19 20 24 -22 -21 -24 -4 26 -17 -1 -27 -30
right_child=1 -3 17 4 5 12 7 8 -10 10 -12 -13 -14 -15 -16 25 -18 18 -20 22 21 -23 23 -25 -26 28 -28 -29 29 -31
leaf_value=0.052678440482645056 0.019001311252134973 -0.051589959825287093 0.041762561927374875 -0.14260670158615071 0.16279030791543825 -0.0082172818269758297 0.16649879977005455 -0.058965758627193138 0.10283323163968186 -0.054922392724744487 0.027150701611336387 0.0062265876417511353 0.02631215562795482 0.047970024250783339 0.050429888718244921 0.043404381480726839 -0.053574487279561302 0.044640705550107067 -0.012401521912592979 0.026798975746972403 -0.012528564870327764 0.044562532351685585 0.05307837470096706 0.029920812590326591 0.031823806763881281 0.053953191759086486 0.027847166201589776 0.049210152482924902 0.049133149453759462 0.032822632002212158
leaf_weight=1457.1983308494091 1300.9522970952094 37.78156228037551 104.35704123973846 1.8963928073644627 5.5363105535507193 294.98985540028661 11.133563317358496 16.613280090503395 16.31569139380008 53.997859735973179 39.806299592368305 1187.402399350889 100.13584957551211 8.3842208422720415 8.0568122295662743 41.495361931622028 50.045804045163095 21.616975568234921 17.193118892610073 32.525295794010162 35.98263344168663 46.304313220083714 66.915720529854298 39.916103802621365 117.58090586960316 45.608699716627598 32.639561779797077 459.93296073377132 79.435045339167118 42.795517653226852
leaf_count=715 8624 2446 66 9 2 5235 23 322 380 1389 684 12542 374 52 76 26 1739 13 32 30 61 28 28 35 97 20 30 254 42 36
internal_value=0.026973 0.00951151 0.0476839 0.0102573 -0.00311135 0.00371487 0.0125948 0.0563256 0.0212026 0.0117066 -0.0200942 0.0129054 0.000533439 0.115583 0.0961929 0.0508889 -0.056825 0.0333385 0.0193706 0.0345606 0.0319261 0.0195976 0.0403119 0.0444259 0.0364971 0.0433033 0.036555 0.0518464 0.0462841 0.0434225
internal_weight=5774.55 3133.05 2641.5 3095.27 460.661 408.719 2634.61 52.4468 32.929 2582.16 93.8042 2488.35 395.126 19.5178 13.5931 2159.11 51.9422 482.392 38.8101 443.582 304.225 82.2869 139.357 106.832 221.938 241.974 74.1349 1917.13 167.839 122.231
internal_count=35410 33897 1513 31451 7435 5687 24016 777 702 23239 2073 21166 5609 75 78 1123 1748 390 45 345 252 89 93 63 163 154 56 969 98 78
is_linear=0
shrinkage=0.05


Tree=46
num_leaves=31
num_cat=0
split_feature=0 4 0 2 0 9 0 9 4 4 5 5 5 4 9 4 5 4 5 5 5 5 5 9 0 4 5 5 2 2
split_gain=815.204 53.3433 49.7865 46.1674 62.1332 99.6992 112.038 66.1903 61.6903 51.6397 54.9038 42.0927 50.9473 32.4355 6.50071 3.15674 11.6516 2.63358 6.58814 24.6433 3.02817 5.31573 1.94525 1.90665 1.73416 1.51512 1.249 0.973523 1.06933 0.939483
threshold=0.83782188591090134 11.500000000000002 0.79607143489532584 1.0000000180025095e-35 1.0014757722312477 0.99992135667291082 1.0010380571737927 0.99998357769398416 4.5000000000000009 2.5000000000000004 0.015158855723465765 0.083429516812647583 0.012565132099709187 8.5000000000000018 0.78075233748944217 4.5000000000000009 0.050275696128480728 2.5000000000000004 1.5393099490174267e-05 0.0636704152887443 0.00097906821268702667 0.035283868412023793 0.01613670944837577 0.88471554883252079 0.71671809518199014 4.5000000000000009 0.12657064981965302 0.041485665194539251 1.0000000180025095e-35 1.0000000180025095e-35
decision_type=2 2 2 2 2 2 2 2 2 2 2 2 2 2 2 2 2 2 2 2 2 2 2 2 2 2 2 2 2 2
left_child=2 3 14 4 5 6 -2 -7 11 10 -6 12 -5 -11 24 17 -17 18 -4 -20 -19 -22 -16 -10 26 -24 -1 28 -26 -28
right_child=1 -3 15 8 9 7 -8 -9 23 13 -12 -13 -14 -15 22 16 -18 20 19 -21 21 -23 25 -25 27 -27 29 -29 -30 -31
leaf_value=0.05272679568878455 0.0039781093504720156 -0.051519707274013032 0.03556425349035585 0.017809472170214571 -0.0089911343452358933 0.11726845201962051 0.26779669106701842 0.026760122290552399 -0.10292491323866482 -0.051685100203021611 0.063437997741070548 -0.08080879207246526 0.051820412561755326 0.025904094571860794 0.035739719711311804 0.043712012589985749 -0.011693821245750771 0.025952007037424812 -0.011810124753904298 0.043578101766710738 0.052387888297813379 0.029023467792842473 0.048259642787745409 -0.054652018295838489 0.045762558100398067 0.036774890755769563 0.042095459196957487 0.052918711181972458 0.05225368854845916 0.051290881841768846
leaf_weight=1283.648615039885 1759.7004959387705 35.98670561471954 216.51396088302135 370.10229800082743 196.85797476023436 21.212871320545673 4.0335650667548171 423.16983020678163 2.2850306853652027 96.409482579678297 30.175340129062533 9.0529938377439958 156.74145959503949 15.65721759200096 72.089550241827965 20.988509327173233 17.318625167012215 31.92302193492651 36.255730479955673 45.01580087095499 64.469942420721054 39.113434210419655 124.63148187100887 19.515688859857619 253.3288551196456 37.315530233085155 49.682686530053616 104.07804052531719 84.647649385035038 62.99902655184269
leaf_count=647 12969 2446 163 1959 5438 107 54 4142 11 4881 302 48 297 633 56 13 32 30 61 28 28 35 69 610 160 29 35 51 43 33
internal_value=0.0260457 0.00900552 0.0470839 0.00970703 0.00685418 0.00991439 0.00458145 0.0310806 0.0227371 -0.013073 0.000635531 0.0260912 0.0279281 -0.0408449 0.0504205 0.032421 0.0186631 0.0336374 0.0310078 0.0188691 0.039416 0.0435654 0.042572 -0.0597117 0.0514197 0.0456133 0.0522837 0.0486904 0.0473883 0.0472365
internal_weight=5684.92 3140.9 2544.02 3104.91 2547.22 2208.12 1763.73 444.383 557.697 339.1 227.033 535.897 526.844 112.067 2072.42 471.599 38.3071 433.292 297.785 81.2715 135.506 103.583 234.037 21.8007 1838.38 161.947 1396.33 442.055 337.977 112.682
internal_count=35410 33897 1513 31451 28526 17272 13023 4249 2925 11254 5740 2304 2256 5514 1123 390 45 345 252 89 93 63 154 621 969 98 715 254 203 68
is_linear=0
shrinkage=0.05


Tree=47
num_leaves=31
num_cat=0
split_feature=0 0 4 2 4 0 9 0 6 4 6 5 5 4 9 4 5 4 5 5 5 5 1 1 5 0 9 6 1 5
split_gain=794.066 50.9281 49.8685 41.8075 56.7475 56.1455 87.1033 79.1093 68.2353 49.0909 59.118 38.4929 46.4683 31.2089 6.73462 3.02127 10.8916 2.57887 6.31685 23.0039 2.95885 5.27014 2.23628 1.96145 3.31663 1.7888 1.59336 1.33346 1.22117 0.992083
threshold=0.83782188591090134 0.79607143489532584 11.500000000000002 1.0000000180025095e-35 4.5000000000000009 1.0014757722312477 0.99992135667291082 1.0010380571737927 3.1203286816217097e-05 2.5000000000000004 0.01076726791894689 0.083429516812647583 0.012565132099709187 8.5000000000000018 0.78075233748944217 4.5000000000000009 0.050275696128480728 2.5000000000000004 1.5393099490174267e-05 0.0636704152887443 0.00097906821268702667 0.035283868412023793 -0.00025928763925708859 -0.029825017707375553 0.093810821167158678 0.71671809518199014 0.88471554883252079 0.025739541014119186 -0.065508496043638162 0.041485665194539251
decision_type=2 2 2 2 2 2 2 2 2 2 2 2 2 2 2 2 2 2 2 2 2 2 2 2 2 2 2 2 2 2
left_child=1 14 3 5 11 6 7 -2 -8 10 -7 12 -5 -11 25 17 -17 18 22 -20 -19 -22 -3 28 -25 27 -6 -1 -16 -27
right_child=2 15 -4 4 26 9 8 -9 -10 13 -12 -13 -14 -15 23 16 -18 20 19 -21 21 -23 -24 24 -26 29 -28 -29 -30 -31
leaf_value=0.052183560821782562 0.0037742490975755045 0.040128250558169209 -0.051452377048761537 0.016843660011235533 -0.098915716331441861 -0.0091552581028579716 0.024632956778902287 0.20200805021763793 0.11699981900756734 -0.05161163639804104 0.067472294867450031 -0.078873113281551888 0.049326122123449161 0.024098442158099007 0.040921000384004494 0.042797381099639341 -0.011031479044113716 0.025121013333332068 -0.011138342548177202 0.042611214660767283 0.051716734017709313 0.028141642167224031 0.029819270263716103 0.031473704645510296 0.049118744353744394 0.046837837399730214 -0.054453838954192216 0.043122492028810668 0.051631589882409117 0.052539073050140696
leaf_weight=1295.8978478461504 1761.9513217974454 98.820385456085205 34.27527992380783 371.71504245698452 2.2593997493386295 197.80500362627208 432.71413340047002 5.0472473371773949 20.96347601339221 91.834784026257694 28.840270549058914 8.8173910491168481 156.44145350158215 15.980208123102782 48.934142619371414 20.380758427083492 17.437387622892857 31.345023959875107 36.513457581400871 43.767359666526318 62.101449511945248 38.342031374573708 112.48757557570934 78.951596193015575 40.186704434454441 325.17752622067928 18.629755823872983 41.916523687541485 58.342134058475494 99.699427895247936
leaf_count=686 12969 66 2446 1959 11 5505 4128 54 121 4881 235 48 297 633 34 13 32 30 61 28 28 35 97 69 22 203 610 29 29 51
internal_value=0.0251453 0.0464883 0.00852879 0.0091892 0.02159 0.00648173 0.00935813 0.00434048 0.028901 -0.0126164 0.000595483 0.0247353 0.0264651 -0.04039 0.0499593 0.0315182 0.0179777 0.0327277 0.0301043 0.0181647 0.0385323 0.0427175 0.0346404 0.0418416 0.0374256 0.051002 -0.0592629 0.0518997 0.0467459 0.0481757
internal_weight=5597.58 2450.3 3147.27 3113 557.863 2555.14 2220.68 1767 453.678 334.46 226.645 536.974 528.156 107.815 1989.11 461.195 37.8181 423.377 291.589 80.2808 131.789 100.443 211.308 226.415 119.138 1762.69 20.8892 1337.81 107.276 424.877
internal_count=35410 1513 33897 31451 2925 28526 17272 13023 4249 11254 5740 2304 2256 5514 1123 390 45 345 252 89 93 63 163 154 91 969 621 715 63 254
is_linear=0
shrinkage=0.05


Tree=48
num_leaves=31
num_cat=0
split_feature=0 0 4 9 2 5 5 6 4 5 1 1 9 5 4 9 4 5 4 5 5 5 5 1 1 5 0 6 1 5
split_gain=772.123 51.9782 46.6603 38.4967 47.2222 61.2984 89.815 86.0485 41.663 34.1167 9.78198 30.6758 12.3342 10.0002 14.8839 6.97027 2.88927 10.1801 2.52045 6.05137 21.4717 2.89043 5.22537 2.20002 1.96528 3.28504 1.84587 1.36718 1.23817 1.01206
threshold=0.83782188591090134 0.79607143489532584 11.500000000000002 0.87602355217232619 1.0000000180025095e-35 3.3029815012134175e-05 0.001374557321604119 3.1203286816217097e-05 4.5000000000000009 0.012565132099709187 -0.028041989621297333 -0.023449129795589992 0.86695158232753722 0.022021163097948011 1.5000000000000002 0.78075233748944217 4.5000000000000009 0.050275696128480728 2.5000000000000004 1.5393099490174267e-05 0.0636704152887443 0.00097906821268702667 0.035283868412023793 -0.00025928763925708859 -0.029825017707375553 0.093810821167158678 0.71671809518199014 0.025739541014119186 -0.065508496043638162 0.041485665194539251
decision_type=2 2 2 2 2 2 2 2 2 2 2 2 2 2 2 2 2 2 2 2 2 2 2 2 2 2 2 2 2 2
left_child=1 15 3 10 5 7 -7 -5 9 -6 13 -12 -13 14 -2 26 18 -18 19 23 -21 -20 -23 -3 28 -26 27 -1 -17 -28
right_child=2 16 -4 4 8 6 -8 -9 -10 -11 11 12 -14 -15 -16 24 17 -19 21 20 -22 22 -24 -25 25 -27 29 -29 -30 -31
leaf_value=0.05181970486164364 0.038103346401606453 0.039267843840994597 -0.051387854531396431 0.010130529416608899 0.014798723187367569 -0.037280356467646568 0.001419680246230526 0.23112505734650282 -0.054263321056309655 0.044485858008188321 -0.1935603916954961 0.01175014948537844 0.037168387472446572 0.052067392665169902 -0.00088048068445689416 0.040175081566021779 0.041895284153048003 -0.010411019182223811 0.024305983469222664 -0.010509543197058444 0.041660127177701928 0.05106249970164748 0.027275217919169072 0.028915584248843853 0.030666887397879535 0.048525470630975454 0.046289638251492016 0.042479961689687921 0.05115664262443096 0.052170341566789069
leaf_weight=1241.1336151584983 70.336340114474297 96.008403159677982 32.643560693599284 1239.3921671016142 321.4406700283289 183.92213460803032 811.00393156148493 4.4204507265239945 17.78182234428823 138.46415588259697 1.7185508608818043 181.89488464593887 64.703614100813866 47.489991903305054 37.558638006448746 47.390017881989479 19.793648920953274 17.549788147211075 30.790628850460052 36.756754145026207 42.559175498783588 59.81047535687685 37.601144410669804 110.26044055074453 77.02682688832283 38.682360514998436 312.88945843279362 40.460130989551544 55.999012000858784 95.490428559482098
leaf_count=686 50 66 2446 11519 1901 4029 12555 6 610 308 9 298 84 26 56 34 13 32 30 61 28 28 35 97 69 22 203 29 29 51
internal_value=0.0242704 0.0458972 0.00808036 0.00870253 0.00656148 0.00351629 -0.00573441 0.0109159 0.0208331 0.0237367 0.0231092 0.0169524 0.0184195 0.0329482 0.0245329 0.0495042 0.0306333 0.0173136 0.0318354 0.0292208 0.0174835 0.0376596 0.0418805 0.0337341 0.0411134 0.0366371 0.0505921 0.0515248 0.0461231 0.0476647
internal_weight=5512.97 2360.2 3152.77 3120.13 2716.43 2238.74 994.926 1243.81 477.687 459.905 403.702 248.317 246.598 155.385 107.895 1909.07 451.13 37.3434 413.787 285.585 79.3159 128.202 97.4116 206.269 219.098 115.709 1689.97 1281.59 103.389 408.38
internal_count=35410 1513 33897 31451 30928 28109 16584 11525 2819 2209 523 391 382 132 106 1123 390 45 345 252 89 93 63 163 154 91 969 715 63 254
is_linear=0
shrinkage=0.05


Tree=49
num_leaves=31
num_cat=0
split_feature=0 0 4 9 1 1 1 6 9 5 6 5 0 9 5 5 9 4 6 4 5 5 5 5 1 1 5 0 1 6
split_gain=748.199 52.9495 43.7217 35.5227 43.3614 55.2234 42.6148 39.3035 31.3677 31.0797 16.1696 9.53064 25.1058 27.7475 13.7018 31.2083 7.20513 2.75993 9.63914 2.46033 5.78891 20.0387 2.82249 5.18055 2.16157 1.9683 3.25299 1.90514 1.60482 1.40221
threshold=0.83782188591090134 0.79607143489532584 11.500000000000002 0.87602355217232619 0.0040197792074020975 0.087792935120329721 0.0027622560023129465 1.0000000180025095e-35 0.88471554883252079 0.016548462718161346 0.0015099375863757982 0.00023067870365760379 0.86854195906969534 0.84448106573143 0.00036148080848793536 0.15313134460521474 0.78075233748944217 4.5000000000000009 0.023905308011870911 2.5000000000000004 1.5393099490174267e-05 0.0636704152887443 0.00097906821268702667 0.035283868412023793 -0.00025928763925708859 -0.029825017707375553 0.093810821167158678 0.71671809518199014 -0.10329562156376514 0.025739541014119186
decision_type=2 2 2 2 2 2 2 2 2 2 2 2 2 2 2 2 2 2 2 2 2 2 2 2 2 2 2 2 2 2
left_child=1 16 3 11 6 9 8 -8 -5 -6 -7 12 13 -2 -13 -16 27 19 -19 20 24 -22 -21 -24 -3 28 -27 29 -18 -1
right_child=2 17 -4 4 5 10 7 -9 -10 -11 -12 14 -14 -15 15 -17 25 18 -20 22 21 -23 23 -25 -26 26 -28 -29 -30 -31
leaf_value=0.05146445083532733 0.030505702147244268 0.038416024616841696 -0.051326029595159334 -0.048187788331870658 -0.012840216230674568 0.0090274511127950968 0.070003552650257733 -0.053681813358932823 0.0083264729402410583 -0.057485730804803771 0.053953157799762168 0.061186887502890752 0.036848447441406994 -0.023548912342845174 0.029695767845354482 -0.045128541305142468 0.035773282047847695 -0.009203808641032608 0.041921621140921711 0.02350694435801751 -0.0099204162874476018 0.040723328685288288 0.050422973436695495 0.026424141004354786 0.028028444818125931 0.029866868274434077 0.047938316426858404 0.047156466957492572 0.049641433080815221 0.04183695418072924
leaf_weight=1188.5472407713532 38.595357596874237 93.29978895932436 31.087976293172687 24.822038799524307 243.26317830104381 54.134619345888495 46.177508285269141 7.4606674881651989 2266.5808716872707 46.420307024382055 31.790255792438984 28.513581022620201 66.648676872253418 61.684766620397568 189.28518058359623 15.043064199388025 29.730554409325123 18.217143505811691 18.666062228381634 30.259149499237537 36.986497446894646 41.391223482787609 57.596862107515335 36.889985002577305 108.11814736574888 75.183040827512741 37.235127747058868 392.54550094157457 69.921844676136971 39.063492022454739
leaf_count=686 35 66 2446 94 5760 225 515 259 22750 1269 56 13 65 134 210 66 24 33 12 30 61 28 28 35 97 69 22 254 39 29
internal_value=0.023448 0.0453089 0.00767639 0.00826422 0.00621926 -0.00955297 0.00874552 0.0527998 0.00771427 -0.0199944 0.0256489 0.0221813 0.0130635 -0.00274462 0.028718 0.024187 0.0490542 0.0297636 0.01667 0.0309574 0.0283538 0.0168245 0.0367971 0.0410532 0.0328401 0.0403877 0.0358525 0.0501885 0.045504 0.0511581
internal_weight=5425.16 2273.65 3151.51 3120.42 2720.65 375.608 2345.04 53.6382 2291.4 289.683 85.9249 399.771 166.929 100.28 232.842 204.328 1832.23 441.425 36.8832 404.542 279.796 78.3777 124.746 94.4868 201.418 212.071 112.418 1620.16 99.6524 1227.61
internal_count=35410 1513 33897 31451 30928 7310 23618 774 22844 7029 281 523 234 169 289 276 1123 390 45 345 252 89 93 63 163 154 91 969 63 715
is_linear=0
shrinkage=0.05


Tree=50
num_leaves=31
num_cat=0
split_feature=0 9 9 9 0 9 5 5 9 5 5 9 4 1 1 9 0 1 7 9 0 5 9 5 4 0 1 9 5 9
split_gain=747.613 79.7998 54.9448 50.5837 63.8177 45.8672 40.4459 58.3802 46.1198 35.4549 123.341 54.5491 33.2386 31.8262 37.1369 24.1866 24.0009 34.467 17.0274 16.4904 11.4769 7.71336 9.22043 7.67584 3.28227 2.45267 2.32761 1.52803 1.16275 1.03809
threshold=0.82432629697368109 0.98178848984358713 0.9837901750932162 0.98023391924460312 0.99740981557957575 0.78075233748944217 0.016548462718161346 0.015158855723465765 0.98430965204405074 0.046353196112814021 0.022966664129575827 0.86695158232753722 6.5000000000000009 5.5160553406707897e-05 -0.0090672579463921803 1.0066209003536761 0.91778762243595724 -0.014412151847985775 1.0000000180025095e-35 1.0753982080927791 0.89424881741754569 0.00055281864815291356 0.89051775491469998 1.5393099490174267e-05 1.5000000000000002 0.71671809518199014 0.0054933059670771453 0.84448106573143 0.073644203905535305 0.56850880655651437
decision_type=2 2 2 2 2 2 2 2 2 2 2 2 2 2 2 2 2 2 2 2 2 2 2 2 2 2 2 2 2 2
left_child=5 3 -3 9 13 25 7 8 -4 10 12 -12 -2 14 -5 -9 20 -18 19 -8 -11 23 26 24 -7 28 27 -23 -1 -30
right_child=1 2 6 4 -6 21 18 15 -10 16 11 -13 -14 -15 -16 -17 17 -19 -20 -21 -22 22 -24 -25 -26 -27 -28 -29 29 -31
leaf_value=0.05143721960064819 0.01199436597064225 -0.057754022770316618 0.064059720744722076 -0.06793451993461995 0.24095422721647172 0.0250732859316324 -0.053834941080228994 0.072776188393562979 -0.0012873443548759693 0.028875854773567269 0.014698177973594118 -0.063934771193192727 0.065019998913593821 -0.058746393702736766 0.068070665686743734 -0.053420253541133611 0.05142284243172817 -0.0096019774007896005 0.026351885273120403 0.0065376254182948276 0.053192489191052163 0.044239262384926405 0.0099634721007077851 -0.00015493963504539538 0.043617993200456978 0.046347625253317648 0.027381985620242841 0.034702432287170647 0.039430353044234805 0.049136435466572689
leaf_weight=1070.6633321493864 1382.3643592270091 42.510731984861195 27.64463122561574 5.5404910631477824 4.3602890027686945 132.35036870092154 58.900651412084699 37.901890801731497 1159.1971946218982 163.08486425876617 30.613251850008965 78.899243090767413 30.199282712303102 6.829880964010953 53.346943920478225 4.219520950689911 32.51301128603518 80.246606033295393 10.329362337477503 13.999017307534812 69.077457498759031 173.60928805172443 27.947121649980545 27.512836374342442 29.107802584767342 398.51837350428104 31.235607922077179 55.405684970319271 36.919641777873039 108.52463763952255
leaf_count=639 5006 538 94 35 39 129 1947 240 23423 195 40 990 305 94 212 125 40 423 62 93 88 112 38 40 18 268 30 45 30 69
internal_value=0.0223531 0.00749998 -0.0018091 0.0140103 0.055715 0.0457269 3.3334e-06 0.00228776 0.000234759 0.0124449 0.00916491 -0.0419536 0.013128 0.0434245 0.0552745 0.0601344 0.0269191 0.00799387 -0.0337286 -0.0422415 0.036111 0.0321073 0.037255 0.0242567 0.0284165 0.0497518 0.0401857 0.041932 0.0508674 0.0466726
internal_weight=5383.57 3291.78 1354.7 1937.08 70.0776 2091.79 1312.19 1228.96 1186.84 1867 1522.08 109.512 1412.56 65.7173 58.8874 42.1214 344.922 112.76 83.229 72.8997 232.162 477.169 288.198 188.971 161.458 1614.63 260.251 229.015 1216.11 145.444
internal_count=35407 33989 26522 7467 380 1418 25984 23882 23517 7087 6341 1030 5311 341 247 365 746 463 2102 2040 283 412 225 187 147 1006 187 157 738 99
is_linear=0
shrinkage=0.05


Tree=51
num_leaves=31
num_cat=0
split_feature=0 9 2 0 9 6 4 9 9 5 4 9 1 0 0 6 1 5 5 9 4 0 0 1 6 5 9 5 0 4
split_gain=722.833 71.9823 72.2997 88.9451 132.66 72.6572 62.0223 46.7482 43.5555 46.8666 53.7625 43.2019 42.0242 41.2209 83.1414 36.2945 34.8618 32.5609 113.593 52.0345 29.0601 23.6921 22.0867 31.2013 29.5442 7.51457 8.94623 7.21432 5.57148 3.19147
threshold=0.82432629697368109 0.98178848984358713 1.0000000180025095e-35 0.99990775278116384 1.0004780680108294 0.0048642306693332813 3.5000000000000004 0.78075233748944217 0.98023391924460312 0.027283392673848338 1.5000000000000002 0.98133559426674744 0.24899288295565905 0.99180760873159934 1.0066475974521174 -0.0087835152906794427 1.0000000180025095e-35 0.046353196112814021 0.022966664129575827 0.86695158232753722 3.5000000000000004 0.98824010310262733 0.91778762243595724 -0.014412151847985775 -0.045882999179252031 0.00055281864815291356 0.89051775491469998 1.5393099490174267e-05 0.99180760873159934 1.5000000000000002
decision_type=2 2 2 2 2 2 2 2 2 2 2 2 2 2 2 2 2 2 2 2 2 2 2 2 2 2 2 2 2 2
left_child=7 8 3 12 5 -5 13 -1 17 10 11 -10 15 21 -15 -3 -6 18 20 -20 -2 -4 24 -24 -19 27 -27 29 -11 -9
right_child=1 2 6 4 16 -7 -8 25 9 28 -12 -13 -14 14 -16 -17 -18 22 19 -21 -22 -23 23 -25 -26 26 -28 -29 -30 -31
leaf_value=0.049353490853225997 0.009984538633053569 0.0046057048971490265 0.04846952594882465 0.026993963231965835 -0.0083206576328134756 -0.054259009168648897 -0.052137749116269352 0.024285063443489366 0.086980068908127928 0.08566720289770971 -0.05645751349281028 -0.064496916678495567 0.062830113654211886 -0.031553507765654708 0.055673405748454044 -0.036964716518466695 -0.041684455604170577 0.0024936547881024766 0.014081351644637525 -0.063401248847180472 0.033321244504680499 0.11499574629238059 0.048998000724893964 -0.0091442926396496111 0.044644109735039877 0.039420485124127713 0.0095241160799400832 -0.00014717592093069698 0.13275454555231958 0.042849649232423778
leaf_weight=1547.969609439373 1266.5632271785289 63.699160453863442 46.704493811354041 404.60505505278707 220.35130648361519 29.520554925315082 22.468701353296638 129.87771692872047 25.316153958439831 14.892200458794834 14.99074336607009 5.7821398973464957 12.712014347314833 48.570885000750422 62.434383325278759 298.81879832688719 121.45000908570364 54.487478993833065 30.363070912659168 75.666855532675982 149.10527957323939 18.758272605016828 32.418256027624011 80.054933853447437 175.39542810618877 252.24705008417368 27.778928227722645 27.515931896865368 10.865534072741864 28.172141529619694
leaf_count=1006 4361 1352 138 2873 6617 1091 986 129 69 20 217 40 6 580 502 6781 5535 120 40 990 950 61 40 423 163 187 38 40 34 18
internal_value=0.0215857 0.00713067 -0.00173087 -0.00654088 0.00312412 0.0214688 0.0261025 0.0451753 0.0133107 0.0515117 0.0213224 0.0588158 -0.0265269 0.0360644 0.0175069 -0.0296602 -0.0201756 0.0118383 0.00870383 -0.0412131 0.0124425 0.0675325 0.0257703 0.00761412 0.0346535 0.0312838 0.0364547 0.0234806 0.10553 0.0275942
internal_weight=5299.56 3285.99 1350.09 1151.16 775.927 434.126 198.937 2013.56 1935.9 71.8468 46.089 31.0983 375.23 176.468 111.005 362.518 341.801 1864.05 1521.7 106.03 1415.67 65.4628 342.356 112.473 229.883 465.592 280.026 185.566 25.7577 158.05
internal_count=35407 33989 26522 24255 16116 3964 2267 1418 7467 380 326 109 8139 1281 1082 8133 12152 7087 6341 1030 5311 199 746 463 283 412 225 187 54 147
is_linear=0
shrinkage=0.05


Tree=52
num_leaves=31
num_cat=0
split_feature=0 9 5 6 1 1 9 0 9 1 1 9 9 5 5 5 5 6 1 1 1 0 0 9 5 9 5 6 2 0
split_gain=697.22 66.0129 86.7683 82.6383 81.4198 96.248 47.5839 38.0296 37.365 76.2136 33.2083 31.498 70.015 26.9254 43.1997 42.2044 29.3733 28.9001 22.9517 38.8187 21.3209 20.0798 12.6811 9.87091 7.30915 8.66966 6.77452 4.63159 3.07682 2.68191
threshold=0.82432629697368109 1.0033910207246619 3.2271416690907417e-07 -1.0000000180025095e-35 0.0036514234541229489 0.0034960696738036705 0.78075233748944217 0.91441086034555841 1.0030766129729856 -0.00019508822753266927 -0.0062637383197937093 1.0021340654354798 1.0019867492989027 0.046353196112814021 0.00047621652365448399 0.0033841434240016303 0.00016375351784740603 -0.045882999179252031 0.041706250554369002 0.043501722287158824 -0.012513862005822994 0.97413890441694972 0.8595186046617459 0.9288092248584382 0.00055281864815291356 0.89051775491469998 1.5393099490174267e-05 -0.036143041966964599 1.0000000180025095e-35 0.71671809518199014
decision_type=2 2 2 2 2 2 2 2 2 2 2 2 2 2 2 2 2 2 2 2 2 2 2 2 2 2 2 2 2 2
left_child=6 7 3 -3 5 -5 29 13 11 -10 20 12 -9 14 16 -16 -2 22 -12 -20 -4 -11 -15 -19 26 28 -8 -22 -26 -1
right_child=1 2 10 4 -6 -7 24 8 9 21 18 -13 -14 17 15 -17 -18 23 19 -21 27 -23 -24 -25 25 -27 -28 -29 -30 -31
leaf_value=0.050177457168566225 0.01621519692885446 0.21811022285630255 -0.055394243875648355 0.018123558272834416 -0.054302940355686391 0.26863160672158609 0.026783478360296698 0.0047624984530977021 0.27127492037930795 0.079362847186507879 -0.052037590956737635 -0.051937316402502313 0.11582780005027418 0.019669024494035375 -0.077476899475928895 0.00046830093967141045 0.054323805224613358 0.036423783069813941 0.095445637323375396 -0.056878142712750629 0.081801433873265994 -0.052174347612005095 -0.030433673121521156 0.064534583498055575 0.035566444719259155 0.009101842063475819 -0.00013980190508665983 0.027551695827033797 0.048837961337254258 0.045253849594199445
leaf_weight=1116.4183430373669 436.46303511038423 4.7207873836159697 6.865636496338996 124.03533296845853 42.081955413334072 3.9566312860697499 154.78200182318687 1965.6026400555857 3.9831705898977807 6.2128384262323362 143.52846157224849 24.105666470713913 14.292920572683213 35.271429538726807 19.418425749987364 164.37285693222657 57.190159309655428 121.68175609409809 7.4020559061318663 9.6164392530918104 6.6385074257850674 5.4434132026508451 19.673347018659115 42.009904094040394 187.65911336243153 27.618526481091976 27.518872044980526 9.6586532425135356 56.917501784861088 367.66077234596014
leaf_count=738 765 22 184 2423 1270 12 147 19408 58 4 7341 924 132 48 89 467 61 118 18 228 3 191 77 31 153 38 40 115 34 268
internal_value=0.0208579 0.00678754 -0.0134592 0.0117585 0.00603069 0.0258675 0.0446226 0.009277 0.0054734 0.0824581 -0.0374532 0.00487261 0.00556428 0.0178498 0.012926 -0.00776698 0.0206301 0.0331062 -0.0455278 0.00937385 0.018514 0.0179356 0.00172942 0.0436382 0.0304672 0.0356563 0.0227193 0.0496499 0.038655 0.0489577
internal_weight=5212.8 3274.23 358.504 174.795 170.074 127.992 1938.58 2915.72 2019.64 15.6394 183.71 2004 1979.9 896.081 677.444 183.791 493.653 218.636 160.547 17.0185 23.1628 11.6563 54.9448 163.692 454.496 272.195 182.301 16.2972 244.577 1484.08
internal_count=35407 33989 11616 3727 3705 2435 1418 22373 20717 253 7889 20464 19540 1656 1382 556 826 274 7587 246 302 195 125 149 412 225 187 118 187 1006
is_linear=0
shrinkage=0.05


Tree=53
num_leaves=31
num_cat=0
split_feature=0 9 4 9 1 1 0 9 5 9 9 9 5 5 5 6 0 6 6 5 5 0 5 9 5 4 0 1 9 5
split_gain=672.588 61.0348 55.044 48.3587 33.5164 107.196 32.5783 37.0397 137.23 64.4907 67.8516 31.7743 26.0658 24.7532 23.8855 41.5339 35.7669 25.4356 19.2639 47.0228 10.9541 7.51359 7.10476 8.39505 6.35531 3.16606 2.77504 2.48692 1.61438 1.31306
threshold=0.82432629697368109 1.0004780680108294 4.5000000000000009 0.78075233748944217 0.0092496371726692467 0.0091033726991008885 0.90650547463159514 0.99992135667291082 0.0076509969764271173 0.99876991435103768 0.9985421087536045 1.0014689545768249 3.3029815012134175e-05 0.0080759771060924211 0.050275696128480728 -0.025682203733224714 0.90262237211738949 -0.045882999179252031 0.00056845546966993743 0.00055281864815291356 0.083429516812647583 0.89424881741754569 0.00055281864815291356 0.89051775491469998 1.5393099490174267e-05 1.5000000000000002 0.71671809518199014 0.0054933059670771453 0.84448106573143 0.073644203905535305
decision_type=2 2 2 2 2 2 2 2 2 2 2 2 2 2 2 2 2 2 2 2 2 2 2 2 2 2 2 2 2 2
left_child=3 6 4 26 5 11 14 9 12 10 -8 -3 -9 -10 15 -2 -17 20 -6 -20 -16 -19 24 27 25 -5 29 28 -24 -1
right_child=1 2 -4 22 18 -7 7 8 13 -11 -12 -13 -14 -15 17 16 -18 21 19 -21 -22 -23 23 -25 -26 -27 -28 -29 -30 -31
leaf_value=0.050482127160960823 -0.076218905988947469 -0.052903445266619512 -0.051129308539825391 0.022642690737491283 -0.054085647558611866 0.25555974497948691 0.0032141286703151906 0.014562535704631514 0.17097832343502434 -0.052891082097120748 0.10718816156757478 0.0046020841407057112 -0.053216563568156586 0.069485744954405834 0.016550167870122104 0.010877345970064938 0.052147400486855601 0.037277892900446544 0.11538338219838568 -0.055794507091908065 -0.036946346936008283 0.063283472298178781 0.042299153231526283 0.008696167433010658 -0.00013279899738838244 0.041605922979036342 0.04472593088021589 0.024141842594370744 0.032044697072012331 0.045091335486091219
leaf_weight=940.71429522708058 12.78685269737616 26.098645414225757 70.211382071953267 124.93195765465498 44.802804877050221 4.1561198960989705 1542.7212581811473 348.57481374591589 15.649310652166607 50.954475547652692 15.852219531312583 301.79558959882706 14.78638130193576 9.7508770665153843 40.269675336778164 546.39130898192525 58.079482510685921 96.993667237460613 6.4103007959201959 10.722936903126536 12.551514334976671 38.920162796974182 157.590421654284 27.465583823621273 27.521665081381798 26.717985771596432 353.75401455163956 28.865755654871464 50.739103890955448 128.37391213700175
leaf_count=639 97 585 4724 129 1488 34 13670 2307 5 1302 265 7322 353 138 75 986 102 86 3 388 34 25 112 38 40 18 268 30 45 99
internal_value=0.0201253 0.00645028 -0.0103434 0.0440699 -0.003075 0.00322336 0.00923016 0.00580753 0.0196586 0.00246199 0.00427165 2.49484e-05 0.0118044 0.132016 0.0177158 0.0129563 0.0148427 0.0332819 -0.0368417 0.0082507 0.00383818 0.0447248 0.0296606 0.0348657 0.021972 0.0259837 0.0485646 0.0378959 0.0398017 0.0498348
internal_weight=5135.15 3268.48 464.198 1866.67 393.986 332.05 2804.28 1998.29 388.761 1609.53 1558.57 327.894 363.361 25.4002 805.993 617.258 604.471 188.735 61.936 17.1332 52.8212 135.914 443.832 264.661 179.172 151.65 1422.84 237.195 208.33 1069.09
internal_count=35407 33989 14544 1418 9820 7941 19445 18040 2803 15237 13935 7907 2660 143 1405 1185 1088 220 1879 391 109 111 412 225 187 147 1006 187 157 738
is_linear=0
shrinkage=0.05


Tree=54
num_leaves=31
num_cat=0
split_feature=0 9 2 9 9 5 4 0 5 9 5 0 0 5 9 5 0 4 1 0 0 1 1 0 9 5 5 5 2 1
split_gain=648.144 58.3369 63.0968 82.5106 103.802 75.1135 53.6736 49.1766 48.2927 40.9026 89.4285 36.7462 69.9682 33.3802 88.9239 88.332 49.7079 32.6085 20.128 19.6829 15.4452 7.06925 6.71651 7.32985 5.23332 5.23001 5.07366 5.33871 4.09694 3.59584
threshold=0.82432629697368109 0.98178848984358713 1.0000000180025095e-35 0.99489774204367187 1.0032704657132216 0.0062014391025323459 3.5000000000000004 0.77403764581199941 3.2271416690907417e-07 0.98133559426674744 0.027283392673848338 0.99180760873159934 1.0066475974521174 1.0000000180025095e-35 0.97419731955311784 0.00016375351784740603 0.98049433188610757 2.5000000000000004 0.24899288295565905 0.98824010310262733 0.99003783081767505 -0.0084614025790496466 0.0046139912389284174 0.79607143489532584 0.84448106573143 0.04451215428796141 0.00055281864815291356 1.5393099490174267e-05 1.0000000180025095e-35 -0.0049145169128077528
decision_type=2 2 2 2 2 2 2 2 2 2 2 2 2 2 2 2 2 2 2 2 2 2 2 2 2 2 2 2 2 2
left_child=7 9 3 18 5 -5 11 24 -6 13 -11 19 -13 16 15 -15 17 -2 20 -4 -3 -18 26 -24 -1 -25 27 -9 29 -28
right_child=1 2 6 4 8 -7 -8 22 -10 10 -12 12 -14 14 -16 -17 21 -19 -20 -21 -22 -23 23 25 -26 -27 28 -29 -30 -31
leaf_value=0.048526552811404916 0.016583227772224134 -0.025916515537355633 0.044797813280305479 0.0035027043485546163 -0.0039457586231852167 0.049635785651750468 -0.052043322102734768 0.028545507841304038 -0.046023173261309391 -0.060417287734750219 0.12065597277009708 -0.03073609276385313 0.049181510172584916 -0.05243859444563001 -0.05603833848198253 0.012088833725034703 0.13217856424144539 -0.070975649849529296 0.050318610946677868 0.10452456701323475 -0.053590587889348756 0.071361464505411393 0.034426288380809106 -0.022504205036506714 0.027013363913629726 0.017282244004091632 0.024465057557477712 0.0043323218945147991 0.049207161818124213 0.040199690939434082
leaf_weight=1349.6444472968578 899.79503815621138 127.53219069773331 47.098166704177856 541.45914758741856 131.6507610483095 105.41062297206372 20.771855450235307 143.64851868152618 141.46331864688545 9.6820187941193563 23.057780047878623 47.430316323414445 64.812271807342768 56.592425778508186 57.617990842089057 843.9111793814227 6.4340083450078991 10.760512404143808 6.8359955400228491 19.507261134684086 83.382034671492875 18.566351711750031 22.32894528657198 16.55938732624054 28.873616054654121 16.480215430259705 72.420149102807045 27.05248099565506 47.972126573324203 72.821232944726944
leaf_count=989 2452 2378 138 7137 3374 1929 986 135 7268 101 22 580 502 445 989 3331 7 68 5 61 2164 52 20 31 29 20 75 37 30 52
internal_value=0.0194078 0.00612856 -0.00189438 -0.00644355 0.000107238 0.0110203 0.0240336 0.0435153 -0.0257404 0.0116982 0.0671079 0.0328694 0.0154108 0.0107403 0.00418053 0.00803359 0.0174582 0.0155485 -0.0341203 0.0622905 -0.0368571 0.0870131 0.0285208 0.0122969 0.048076 -0.00265865 0.0309893 0.0247082 0.0365385 0.0323541
internal_weight=5061.57 3263.77 1337.35 1137.73 919.984 646.87 199.62 1797.8 273.114 1926.42 32.7398 178.848 112.243 1893.68 958.122 900.504 935.556 910.556 217.75 66.6054 210.914 25.0004 419.283 55.3685 1378.52 33.0396 363.915 170.701 193.214 145.241
internal_count=35407 33989 26522 24255 19708 9066 2267 1418 10642 7467 123 1281 1082 7344 4765 3776 2579 2520 4547 199 4542 59 400 71 1018 51 329 172 157 127
is_linear=0
shrinkage=0.05


Tree=55
num_leaves=31
num_cat=0
split_feature=0 9 9 0 5 4 0 0 4 4 5 5 6 6 4 4 4 0 9 4 5 4 5 5 5 5 6 6 0 5
split_gain=708.787 46.5485 52.0887 37.1646 31.7215 57.7817 137.402 105.082 46.7755 89.5981 15.9693 22.2987 33.0766 33.0546 18.1315 14.2318 9.64719 8.99829 6.63 4.72571 12.5948 8.87319 5.0062 12.6978 2.08611 1.90819 2.16725 1.89522 1.36003 1.24448
threshold=0.82432629697368109 0.91860723257872767 0.92266035185870965 0.79607143489532584 1.0000000180025095e-35 2.5000000000000004 0.99885501211259486 1.0014757722312477 2.5000000000000004 1.5000000000000002 0.20009093039006096 0.059894693841789921 -0.027672905983012249 0.018193067409329359 3.5000000000000004 2.5000000000000004 4.5000000000000009 0.92774740356083096 0.78075233748944217 4.5000000000000009 0.046353196112814021 2.5000000000000004 0.059894693841789921 1.5393099490174267e-05 0.008674841861087355 0.01613670944837577 -0.13466736653647038 0.035537145176865965 0.71671809518199014 1.0000000180025095e-35
decision_type=2 2 2 2 2 2 2 2 2 2 2 2 2 2 2 2 2 2 2 2 2 2 2 2 2 2 2 2 2 2
left_child=3 10 -3 18 8 6 -6 -7 9 -4 11 12 -2 -14 15 -13 -16 -12 27 21 -21 22 23 -5 -23 -20 -27 28 -1 -30
right_child=1 2 4 19 5 7 -8 -9 -10 -11 17 14 13 -15 16 -17 -18 -19 25 20 -22 24 -24 -25 -26 26 -28 -29 29 -31
leaf_value=0.050014271860987371 -0.091358070702840286 -0.074466753353578483 0.0036750852765789453 0.025642266662614929 -0.054557812443084941 0.010624755080500439 0.013650903039660954 -0.042178243582301961 -0.058028926649393166 0.044185660594216636 0.020480024783703008 0.025824857534937712 0.015060206090363043 -0.040531399605505586 0.059400710325867495 -0.029454262214378298 0.025468250617737456 -0.068224783925554783 0.031999697470602349 0.043875964837571391 -0.019595228751890514 0.049156320628057103 0.042207998003244061 -0.015917015515563328 0.034244053704745925 0.029535278517061232 0.045731624066304315 0.039491866790585972 0.043014220174668133 0.049515823252561764
leaf_weight=962.39141283556819 7.67896994203329 22.464044343680143 1056.919950356707 104.19861866533756 159.69180615525693 650.91288535669446 137.32600637059659 110.16965602966957 26.673911620862782 156.73045383021235 4.1938757747411719 46.817333612591028 706.11870529875159 27.791906546801329 57.830949448049068 15.497583024203776 32.841783343814313 8.981781695969401 67.215290680527687 14.354460857808592 17.158599048852921 48.69009044021368 26.509726800024509 22.315778627991676 45.246225319802761 25.965947411954403 100.97383453696966 53.462236609309912 153.42552511394024 141.46642810106277
leaf_count=709 40 134 10175 101 2309 8397 2821 7064 359 866 6 73 1355 115 36 46 63 57 61 9 34 26 18 39 38 25 72 48 129 102
internal_value=0.0190303 0.00505589 0.00130124 0.0443297 0.00204178 -0.00431791 -0.0230216 0.00298132 0.00746712 0.00890661 0.0146556 0.0154604 0.0118749 0.012955 0.0328406 0.0120771 0.0471103 -0.0399896 0.0474346 0.0275503 0.00931643 0.0298771 0.0224514 0.0183117 0.0419735 0.0388116 0.0424186 0.0487119 0.049104 0.0461332
internal_weight=5012.02 3228.64 2320.89 1783.37 2298.42 1058.1 297.018 761.083 1240.32 1213.65 907.753 894.577 741.59 733.911 152.988 62.3149 90.6727 13.1757 1504.9 278.473 31.5131 246.96 153.024 126.514 93.9363 194.155 126.94 1310.75 1257.28 294.892
internal_count=35327 33916 32125 1411 31991 20591 5130 15461 11400 11041 1791 1728 1510 1470 218 119 99 63 1146 265 43 222 158 140 64 158 97 988 940 231
is_linear=0
shrinkage=0.05


Tree=56
num_leaves=31
num_cat=0
split_feature=0 9 9 1 1 9 1 0 6 0 9 0 1 1 9 0 0 9 0 4 6 0 1 6 6 1 4 0 4 1
split_gain=682.989 58.8889 48.3603 37.1286 90.98 129.068 49.8586 48.9415 31.5491 24.0802 19.3288 10.8564 21.2879 33.9921 12.756 23.4584 15.0859 5.13528 4.46001 3.96387 10.8859 3.91331 3.86845 3.40751 3.29726 2.9903 3.48082 2.33858 1.54043 1.50708
threshold=0.8107243397690993 0.91860723257872767 0.92266035185870965 0.0040197792074020975 0.041706250554369002 0.92574062103268606 0.0027622560023129465 0.97479819913742671 1.0000000180025095e-35 0.99070532702152636 0.78075233748944217 0.83782188591090134 0.024617294613363875 0.053229274123966504 0.90429112126656663 0.90650547463159514 0.97619282798065898 0.86695158232753722 0.8595186046617459 4.5000000000000009 -0.036143041966964599 0.77403764581199941 -0.010894836876026102 2.5977815187094858e-05 0.035537145176865965 -0.05252910158749257 2.5000000000000004 0.82432629697368109 2.5000000000000004 0.020577097696878103
decision_type=2 2 2 2 2 2 2 2 2 2 2 2 2 2 2 2 2 2 2 2 2 2 2 2 2 2 2 2 2 2
left_child=10 11 -3 6 5 -5 7 -4 -8 -6 24 23 14 18 15 -13 -16 -15 -14 21 -21 -12 28 25 -1 -2 -27 -25 -23 -24
right_child=1 2 3 4 9 -7 8 -9 -10 -11 19 12 13 17 16 -17 -18 -19 -20 20 -22 22 29 27 -26 26 -28 -29 -30 -31
leaf_value=0.048731939629895651 0.0096713940593957781 -0.072981625252287463 -0.0085294832485403854 0.1095554342897638 -0.014543120854140029 -0.046720979492984357 0.066652505724716399 0.0084949310238255343 -0.052902300253644285 0.035993682023938038 0.04684224100463491 0.013433853515055771 -0.12864319713953024 -0.013911361127846973 0.020583288252851759 -0.027692738128504764 0.064638587938686917 0.031934220094711856 -0.065436734112965286 -0.013466830823073872 0.043932929897279593 0.033560305122635921 0.022576786568327886 0.022161442721728632 0.036899724596660341 0.024027906342033667 0.038168337080221437 -0.0023147822589193296 0.045202796017969428 0.036497300935868469
leaf_weight=1206.2622555792332 22.032888285815716 21.792177811264992 620.82629622146487 14.264162324368952 33.359087701421231 179.13679102761671 46.29273605113849 1319.201647462789 6.2649301681667557 80.337732887361199 67.01650745421648 508.49523125588894 3.6185163110494605 10.22541417181492 173.30878186970949 37.210464650765061 21.885811369866133 15.169803876429794 12.203454168513415 15.038047984242437 18.326451741158962 56.662089191377163 77.962089329957962 21.552194386720657 61.900455795228481 120.43303640931845 68.147013105452061 17.834482155740261 56.983646079897881 25.903225794434547
leaf_count=942 28 134 3231 25 279 6790 536 20253 280 603 47 852 16 22 448 159 25 42 104 28 13 49 83 23 58 119 52 27 39 20
internal_value=0.018356 0.00557001 0.00115213 0.00185463 -0.0143284 -0.0351949 0.00434877 0.00304697 0.0524014 0.021166 0.0453909 0.0155069 0.0126076 -0.022366 0.0145533 0.0106295 0.0255229 0.0134744 -0.0798922 0.0343663 0.0180617 0.0362782 0.0330234 0.024577 0.0481544 0.0271014 0.0291378 0.0110785 0.039398 0.0260485
internal_weight=4939.65 3353.59 2321.48 2299.68 307.098 193.401 1992.59 1940.03 52.5577 113.697 1586.05 1032.12 782.117 41.2172 740.9 545.706 195.195 25.3952 15.822 317.892 33.3645 284.528 217.511 250 1268.16 210.613 188.58 39.3867 113.646 103.865
internal_count=35327 34048 32131 31997 7697 6815 24300 23484 816 882 1279 1917 1668 184 1484 1011 473 64 120 279 41 238 191 249 1000 199 171 50 88 103
is_linear=0
shrinkage=0.05


Tree=57
num_leaves=31
num_cat=0
split_feature=0 0 4 0 5 0 5 5 0 6 5 1 1 0 5 0 5 0 0 2 6 1 1 1 1 1 0 1 0 0
split_gain=657.499 52.3405 33.158 45.423 81.1865 94.6187 81.8018 76.0165 83.827 44.7613 120.232 61.9367 43.5915 34.0198 22.944 18.6728 13.3851 24.5808 32.1126 27.7138 17.0512 21.54 16.4597 39.3413 13.2637 12.0926 10.3853 9.93322 9.67342 5.69388
threshold=0.8107243397690993 0.90650547463159514 5.5000000000000009 0.97479819913742671 0.0076509969764271173 0.97546743869248709 0.0078072619369823218 0.0037523399218482782 0.96461231416835636 0.0036415095519673484 0.0062932498075394415 -0.019113280211958569 -0.026721730846886945 0.96202134474703638 0.018078569768942811 0.77403764581199941 0.050275696128480728 0.90262237211738949 0.87602931846699661 1.0000000180025095e-35 -0.045882999179252031 -1.0000000180025095e-35 -2.2585177399669917e-05 -1.0000000180025095e-35 -1.0000000180025095e-35 -0.01696235185566319 0.83782188591090134 0.004521546636703234 0.89424881741754569 0.86854195906969534
decision_type=2 2 2 2 2 2 2 2 2 2 2 2 2 2 2 2 2 2 2 2 2 2 2 2 2 2 2 2 2 2
left_child=15 16 3 7 5 -5 -6 8 -3 11 24 14 -9 -12 -4 -1 17 18 27 -20 21 26 25 -24 -11 -19 -18 -2 29 -22
right_child=1 2 9 4 6 -7 -8 12 -10 10 13 -13 -14 -15 -16 -17 20 22 19 -21 28 -23 23 -25 -26 -27 -28 -29 -30 -31
leaf_value=0.047590430894184285 0.019104144875735099 0.0092068661535558548 0.063329565333426513 0.1034450245209324 0.13503350091608329 0.00034595533425461276 0.024967054081592548 0.012469942382081 -0.044516335823984871 -0.05378156454782667 0.041932538025869007 -0.052756980311096352 -0.049294988008703466 -0.054484865944621257 -0.059703377335975139 0.033477200071260226 -0.0067226593594189588 0.033372115025965238 -0.023422929964081064 0.021175438145815271 0.035886035007712806 0.021879435296888333 0.089196484047059987 -0.072027932871685602 0.086115689310621787 0.085472662425192525 -0.088748975201680569 -0.00069547768231784015 0.058585746501689073 0.0073569675644410588
leaf_weight=1235.1759375333786 403.84655205160379 528.99344311095774 18.274824119638655 22.709915224462748 17.924127354286611 1108.4405545350164 290.00557019654661 36.389201186597347 84.162976186722517 1.7797338278032828 11.357630646787582 104.07401930936612 132.88506707083434 47.040810618549585 4.780659517273306 289.25088422372937 8.2439883202314359 23.273976102471352 112.99266761634499 50.358105413615704 70.43724862486124 53.107797339558601 6.7136003673076621 8.6704570185393077 35.290386755485088 21.357125921174884 7.2543858736753455 75.130168341100216 38.449845626950264 23.26624596118927
leaf_count=1018 475 1744 84 60 46 17615 3596 121 772 80 65 4683 1313 2077 52 261 13 38 466 97 60 84 2 56 199 15 35 136 25 39
internal_value=0.0176938 0.00529748 0.00149685 0.00334033 0.0086122 0.00241586 0.0313739 -0.0063559 0.00183272 -0.016901 0.00897239 -0.0363308 -0.0360173 -0.0357331 0.0378181 0.0449125 0.0155833 0.0123289 0.00946967 -0.00967406 0.0269687 0.0067447 0.0429303 -0.00166962 0.0793992 0.0583036 -0.045117 0.0159985 0.0374678 0.0288024
internal_weight=4871.64 3347.21 2444.11 2221.51 1439.08 1131.15 307.93 782.431 613.156 222.598 95.4686 127.13 169.274 58.3984 23.0555 1524.43 903.102 702.343 642.327 163.351 200.76 68.6062 60.0152 15.3841 37.0701 44.6311 15.4984 478.977 132.153 93.7035
internal_count=35327 34048 32507 25267 21317 17675 3642 3950 2516 7240 2421 4819 1434 2142 136 1279 1541 1285 1174 563 256 132 111 58 279 53 48 611 124 99
is_linear=0
shrinkage=0.05


Tree=58
num_leaves=31
num_cat=0
split_feature=9 5 9 5 9 9 9 6 6 6 5 5 2 6 6 4 9 9 6 9 5 6 6 5 2 9 9 4 2 5
split_gain=596.304 47.4105 40.8705 36.9814 49.6901 54.9308 46.4798 32.7192 76.2268 72.0554 51.4476 37.2003 34.2354 29.4628 21.3878 22.5335 20.8107 40.9836 23.7412 16.7642 16.3007 13.4785 11.3631 10.8613 10.144 18.9783 14.5626 8.59751 8.23415 4.84737
threshold=0.82947877229335842 0.050275696128480728 0.78075233748944217 0.018078569768942811 0.8960351665440115 1.0313630280445019 1.0335987330258505 -0.0087835152906794427 -0.0012077667497699116 -0.011726681554421079 0.01400565871630719 0.01613670944837577 1.0000000180025095e-35 -0.00071157955323491995 0.019086713809668813 2.5000000000000004 0.91174007701742654 0.9288092248584382 -0.087718746923348898 0.98133559426674744 0.12657064981965302 -0.087718746923348898 0.035537145176865965 0.055983079055361352 1.0000000180025095e-35 0.89051775491469998 0.90429112126656663 2.5000000000000004 1.0000000180025095e-35 0.20009093039006096
decision_type=2 2 2 2 2 2 2 2 2 2 2 2 2 2 2 2 2 2 2 2 2 2 2 2 2 2 2 2 2 2
left_child=2 3 22 7 -5 19 -7 9 12 11 -11 -2 -9 -10 27 -16 24 21 28 -6 -17 -18 -1 -20 25 -3 -27 -4 -19 -24
right_child=1 16 14 4 5 6 -8 8 13 10 -12 -13 -14 -15 15 20 17 18 23 -21 -22 -23 29 -25 -26 26 -28 -29 -30 -31
leaf_value=0.04805634935386624 -0.060407002067291375 0.03655861632821801 0.024897562206656558 0.016545252441024626 -0.05086343962763501 0.18292814284710157 -0.053786703146308595 -0.040615401080273311 0.048371857725968533 0.093476968554410789 -0.0049190085818556 0.030928824110646649 0.022828327933116982 0.004600555041089127 0.038562627435951402 -0.10486835503582484 0.017443424869758247 -0.10134754645704463 0.04203594809124557 -0.015474287812101445 0.0011821749848427536 -0.08610576606390101 0.035762993741027468 0.011666563053292193 0.053245371159565985 -0.041720305259640267 0.020993560601460706 0.040917605669545519 -0.0025856251626034275 0.0074538623979506615
leaf_weight=1107.8484885953367 23.839972557500005 115.76694992929697 221.16165832802653 77.38056480884552 101.90033943997696 5.2811529543250781 3.4144901377148926 133.24847768596373 39.095710774883628 45.705833939602599 18.728071271907538 20.940465993247926 25.30123935919255 2308.3576326901093 10.696635127067568 8.0147600173950178 4.0557127296924618 5.2811718806624395 47.20124744810164 49.828175929374993 6.6132719963788977 13.958288939669727 85.174975499510765 78.243252031039447 45.698321916162968 15.348752299323676 23.32159760594368 134.79431261122227 3.515239030122757 18.385466195642948
leaf_count=942 624 118 226 121 1372 26 129 3609 594 447 186 204 325 23841 11 31 5 55 117 1476 17 81 80 391 32 64 41 105 14 43
internal_value=0.0170762 0.00465129 0.0420823 0.00251419 -0.0163637 -0.0322373 0.0899781 0.00423077 0.00306325 0.0310205 0.0648776 -0.0176961 -0.0304911 0.00532955 0.0278054 -0.016592 0.0219537 0.00802281 0.0175256 -0.0392415 -0.0569234 -0.0627925 0.0465758 0.0230937 0.0325517 0.0264284 -0.00389837 0.0309641 -0.0618801 0.0307372
internal_weight=4798.1 3205.41 1592.69 2853.02 237.805 160.424 8.69564 2615.22 2506 109.214 64.4339 44.7804 158.55 2347.45 381.281 25.3247 352.391 152.255 134.241 151.729 14.628 18.014 1211.41 125.444 200.136 154.437 38.6703 355.956 8.79641 103.56
internal_count=35327 33872 1455 32954 3124 3003 155 29830 28369 1461 633 828 3934 24435 390 59 918 663 577 2848 48 86 1065 508 255 223 105 331 69 123
is_linear=0
shrinkage=0.05


Tree=59
num_leaves=31
num_cat=0
split_feature=9 9 9 9 1 1 9 1 1 1 5 6 9 6 4 4 5 5 5 6 2 9 5 4 6 5 5 9 1 4
split_gain=571.14 43.9301 45.8096 41.2776 32.7848 82.9849 115.649 42.8002 30.3086 29.8998 25.7601 33.1765 20.0967 19.9221 20.0478 18.8169 72.8217 24.5182 13.8251 11.7332 9.55544 23.8164 11.2918 8.4556 6.14245 4.64897 4.42819 3.37771 5.8342 2.87512
threshold=0.82947877229335842 0.91860723257872767 0.92266035185870965 0.78075233748944217 0.0040197792074020975 0.041706250554369002 0.92574062103268606 0.0027622560023129465 0.0028658193219045507 0.0018330145167806402 0.059894693841789921 0.022730703362633001 0.99706874218312425 0.019086713809668813 2.5000000000000004 2.5000000000000004 0.00030159282149678129 0.00016375351784740603 0.12657064981965302 0.035537145176865965 1.0000000180025095e-35 0.89051775491469998 0.0636704152887443 2.5000000000000004 0.029680778429324598 0.20009093039006096 0.32336046863290463 0.79993701601943779 0.030364475908295 3.5000000000000004
decision_type=2 2 2 2 2 2 2 2 2 2 2 2 2 2 2 2 2 2 2 2 2 2 2 2 2 2 2 2 2 2
left_child=3 10 -3 19 7 6 -6 9 -9 -4 11 15 -7 23 -15 17 -17 -2 -16 -1 21 24 -23 27 -12 29 -27 -5 -29 -21
right_child=1 2 4 13 5 12 -8 8 -10 -11 20 -13 -14 14 18 16 -18 -19 -20 25 -22 22 -24 -25 -26 26 -28 28 -30 -31
leaf_value=0.047712873573189575 0.009644019703870731 -0.072570496676488516 0.0032635410723092285 0.033176768842746285 0.098986330318170029 -0.0080812690493992818 -0.046253809806399156 0.095357839116445658 0.018268164285133146 -0.053124414875102902 0.044034780239204541 -0.079895171619195349 0.035535105321291484 0.03714852546053718 -0.095695866505114871 -0.090553670239449338 0.0083594667533473891 0.035552687999513541 0.0011232886128921152 0.021728877808854991 0.052483186501535654 0.047411260230873768 -0.017606468781510676 0.040238854777212396 0.013582364451918162 0.032356495519771683 -0.016819385477911921 0.015652596068847998 0.04359517552370528 0.041500561819678004
leaf_weight=1061.2141544744372 376.33199822157621 21.076641157269478 1919.7906497339718 69.873452667146921 14.903555758297442 41.571696868631989 170.55994132393971 20.619877256918699 33.406886307988316 23.800563381053507 82.002041462808847 10.227545723319052 72.411652197595686 10.552357137203218 8.3350381851196271 20.931366989389062 167.61615119874477 120.56934071332216 6.6119840592145911 27.529727391898632 38.851719327270985 8.163014277815817 36.705891706049442 130.32864318415523 20.749148666858673 8.9152060113847256 9.4095531366765499 125.10379102826118 21.959489405155182 55.364607609808445
leaf_count=942 690 135 22677 64 25 322 6790 83 733 812 57 66 560 11 31 136 405 176 17 35 28 10 119 105 48 11 32 148 14 45
internal_value=0.0164477 0.004421 0.000807257 0.0415187 0.00148053 -0.0139477 -0.0345825 0.00379325 0.0476902 0.00257303 0.0139173 0.00949372 0.0196275 0.0270406 -0.0156159 0.0108275 -0.00262125 0.0159306 -0.0528668 0.0461615 0.0304206 0.024614 -0.00577777 0.0301728 0.0378853 0.0298961 0.00710525 0.0241255 0.019825 0.0349343
internal_weight=4735.49 3200.29 2318.14 1535.2 2297.06 299.447 185.463 1997.62 54.0268 1943.59 882.148 695.676 113.983 372.765 25.4994 685.449 188.548 496.901 14.947 1162.43 186.472 147.62 44.8689 347.265 102.751 101.219 18.3248 216.937 147.063 82.8943
internal_count=35327 33872 32137 1455 32002 7697 6815 24305 816 23489 1735 1473 882 390 59 1407 541 866 48 1065 262 234 129 331 105 123 43 226 162 80
is_linear=0
shrinkage=0.05


Tree=60
num_leaves=31
num_cat=0
split_feature=0 4 9 9 2 1 4 1 9 5 0 5 1 0 1 5 1 0 5 2 2 1 5 1 1 1 5 1 5 9
split_gain=473.14 37.5908 32.7196 43.6549 30.2276 38.5185 31.3935 14.8496 13.3718 8.67688 20.0438 14.4375 9.58806 8.46197 5.23538 5.4771 3.21929 1.99042 2.29514 2.68926 1.50849 1.74138 1.59714 1.1493 2.75906 0.93064 0.495902 0.281492 0.230491 0.12669
threshold=0.79607143489532584 11.500000000000002 0.87602355217232619 0.88471554883252079 1.0000000180025095e-35 0.14305229657075158 4.5000000000000009 -0.04357088046994808 0.78075233748944217 0.20009093039006096 0.88949704911625471 0.069378186824279264 -0.047966522630089763 0.84841191434953422 -0.0084614025790496466 0.018646610862734007 0.0043218378453602777 0.67440100308966022 0.12657064981965302 1.0000000180025095e-35 1.0000000180025095e-35 -0.12929531592348445 3.2271416690907417e-07 -0.065508496043638162 -0.047966522630089763 -0.25458354073336642 0.0011291382912119094 -1.0000000180025095e-35 0.01052171131488119 0.69155430444242572
decision_type=2 2 2 2 2 2 2 2 2 2 2 2 2 2 2 2 2 2 2 2 2 2 2 2 2 2 2 2 2 2
left_child=8 2 9 7 5 -5 -6 -4 17 11 -11 12 -2 -13 23 -16 -17 18 25 -20 21 -19 -23 -10 -25 -1 -27 -22 -9 -12
right_child=1 -3 3 4 6 -7 -8 28 14 10 29 13 -14 -15 15 16 -18 20 19 -21 27 22 -24 24 -26 26 -28 -29 -30 -31
leaf_value=0.042141892293763979 0.027246904934088531 -0.051615798664374546 -0.0017924600867349411 0.0026145779483806551 0.019731895233993987 0.04322811581745846 -0.054345913200647272 -0.0750703304548066 0.029356823137787424 0.038296385388911731 -0.078316388009190441 0.015271171989564378 0.011908783438522148 0.047053136767222753 -0.001323044913830225 0.017584815261082361 0.045933419322490843 0.028245850376733037 0.025570641869115191 0.047836485440019665 0.051011264915417798 0.038419627047035332 0.046210103477843795 0.053598207175082228 0.032097400691196661 0.050132987341275963 0.046281529543567373 0.044707283554051853 -0.086647860895753964 -0.065991687132305271
leaf_weight=48.118741825222969 134.12153693288565 26.797459766734391 9.1017525345087069 2214.7541836914606 467.54211201239377 59.961037972941995 14.753534716553984 14.372608568519356 26.05119613558054 8.1686032339930552 3.5653625503182393 31.115230970084667 423.96285381168127 64.066235698759556 21.494946554303169 23.117385569959879 17.669125214219093 22.570604868233204 24.022681910544634 31.139894098043442 60.060970738530159 119.42117852717638 146.49258670210838 27.494195222854614 32.627222500741482 437.91697112470865 103.28978490829468 25.11235648393631 6.1335455104708663 5.02228032797575
leaf_count=50 126 2472 18 27835 2233 129 603 74 27 6 20 38 581 52 34 31 13 29 32 28 50 129 135 18 34 388 98 24 32 33
internal_value=0.0166052 0.00737535 0.00783268 0.00544733 0.00609586 0.00368514 0.0174658 -0.0549424 0.0441652 0.0177533 -0.0177741 0.0186646 0.0155949 0.0366635 0.0301464 0.0191017 0.0298657 0.0462093 0.0478926 0.03814 0.0433059 0.0415797 0.0427114 0.0381289 0.04193 0.0488055 0.0493979 0.0491526 -0.0785333 -0.0711086
internal_weight=4650.04 3483.44 3456.64 2786.62 2757.01 2274.72 482.296 29.6079 1166.6 670.022 16.7562 653.266 558.084 95.1815 148.454 62.2815 40.7865 1018.15 644.488 55.1626 373.658 288.484 265.914 86.1726 60.1214 589.325 541.207 85.1733 20.5062 8.58764
internal_count=35372 34252 31780 30924 30800 27964 2836 124 1120 856 59 797 707 90 157 78 44 963 596 60 367 293 264 79 52 536 486 74 106 53
is_linear=0
shrinkage=0.05


Tree=61
num_leaves=31
num_cat=0
split_feature=9 9 9 4 1 4 7 1 1 5 2 9 1 4 1 5 9 5 5 1 2 4 1 1 5 9 1 1 9 9
split_gain=434.019 47.7434 36.5732 32.6829 27.5793 33.3546 29.6116 15.8765 20.0752 17.1683 19.2379 8.57225 6.34066 7.18738 28.5674 4.68667 2.79352 2.13435 2.15873 2.12098 1.58555 1.42594 1.37008 1.18653 1.11612 0.873288 0.629866 0.606625 0.445747 0.43905
threshold=0.78075233748944217 0.8960351665440115 0.90021844339496782 11.500000000000002 -0.0062637383197937093 10.500000000000002 1.0000000180025095e-35 -0.04357088046994808 -0.038174853288864767 0.069378186824279264 1.0000000180025095e-35 0.87602355217232619 -0.065508496043638162 1.5000000000000002 -0.10329562156376514 0.010855217948898073 0.69155430444242572 0.02244500143921135 0.10977293485861629 -0.00068039227970861915 1.0000000180025095e-35 5.5000000000000009 -0.047966522630089763 -0.25458354073336642 3.2271416690907417e-07 0.75666363636363643 -0.085023727219154674 -0.074537891757807104 0.30656707857449345 0.47628747366808727
decision_type=2 2 2 2 2 2 2 2 2 2 2 2 2 2 2 2 2 2 2 2 2 2 2 2 2 2 2 2 2 2
left_child=15 7 22 4 6 -6 -4 12 -9 10 -10 -11 13 26 -15 16 23 -17 29 27 21 -20 -3 -1 25 -21 -2 -18 -25 -19
right_child=1 2 3 -5 5 -7 -8 8 9 11 -12 -13 -14 14 -16 17 19 18 20 24 -22 -23 -24 28 -26 -27 -28 -29 -30 -31
leaf_value=0.040756163720770545 0.03508611303987464 -0.1032608648215764 0.016290978865217767 -0.051549988796267134 0.001679549533266235 0.051252150133038535 -0.072559311622294745 -0.054711399512999928 0.0063436640573884765 0.039641092270280447 0.028117286838539386 0.00070756297888002805 0.037649847835379842 0.029674316164036901 -0.049207879647216388 0.02691375189946146 0.042431829400299138 0.050563572134076487 0.02707419620143043 0.029217164325824014 0.043423422952699443 0.043229413256133248 -0.063731575596442075 0.052407383619494152 0.045082273044767002 0.041304794678433995 0.025279302194943065 0.049543570750207273 0.048649633379671819 0.043410806843397022
leaf_weight=42.844508975744247 47.476803153753281 2.6035164818167713 577.20931613631546 25.522255154326558 1979.7510604462586 34.524004182778299 9.5323155019432289 10.577803254127501 443.95635198056698 87.568028129637241 131.49318175762892 16.860062409192324 107.02885385975242 41.871412441134453 15.811962045729159 31.268888991326094 54.366573516279459 25.869359105825424 54.747710172086954 47.207463350147009 40.692008964717388 18.199397057294846 13.869575990363954 100.13768291473389 26.690674390643835 21.862040475010872 24.992123313248158 66.862609058618546 372.40862795710564 125.69432402774692
leaf_count=47 38 12 2673 2472 27317 365 63 28 760 97 154 41 91 44 41 42 56 23 76 61 46 17 115 88 26 22 24 60 354 119
internal_value=0.0159596 0.00771495 0.0042897 0.0047555 0.00530799 0.00252921 0.0148475 0.0174741 0.0136403 0.0147038 0.011319 0.0333552 0.0286347 0.0212212 0.00805141 0.0445728 0.0467199 0.0392688 0.0407255 0.0419608 0.0355158 0.0311047 -0.069979 0.0487236 0.0363988 0.0330432 0.0317041 0.0463542 0.0494459 0.0446317
internal_weight=4599.5 3570.65 2643.01 2626.54 2601.02 2014.28 586.742 927.637 690.455 679.878 575.45 104.428 237.181 130.152 57.6834 1028.85 732.38 296.472 265.203 216.989 113.639 72.9471 16.4731 515.391 95.7602 69.0695 72.4689 121.229 472.546 151.564
internal_count=35372 34335 33017 32890 30418 27682 2736 1318 1080 1052 914 138 238 147 85 1037 714 323 281 225 139 93 127 489 109 83 62 116 442 142
is_linear=0
shrinkage=0.05


Tree=62
num_leaves=31
num_cat=0
split_feature=9 9 4 2 4 9 9 5 9 5 6 2 5 5 6 6 5 5 6 5 9 5 6 2 4 5 6 6 6 4
split_gain=418.532 44.5955 30.7465 23.8918 27.8883 28.2007 24.4042 73.5263 44.9446 13.6472 17.0805 23.3939 11.8995 35.5015 10.5362 8.45382 8.13232 4.93735 4.12587 2.80673 2.35274 2.27965 5.71053 1.98402 2.18618 1.43062 1.15609 0.741577 0.462923 0.448284
threshold=0.78075233748944217 0.87602355217232619 11.500000000000002 1.0000000180025095e-35 4.5000000000000009 0.88471554883252079 0.9288092248584382 0.0039526166023275636 0.98178848984358713 0.069378186824279264 0.019086713809668813 1.0000000180025095e-35 0.015855788655411183 0.0085271757173947492 0.023905308011870911 -0.036143041966964599 0.12657064981965302 0.20009093039006096 0.050692122213471198 0.32336046863290463 0.69155430444242572 0.083429516812647583 -0.05863873842936073 1.0000000180025095e-35 4.5000000000000009 0.018328015513101738 -0.069593545483374528 0.060335818497600287 0.00074694920744672333 3.5000000000000004
decision_type=2 2 2 2 2 2 2 2 2 2 2 2 2 2 2 2 2 2 2 2 2 2 2 2 2 2 2 2 2 2
left_child=14 9 3 6 5 -5 7 -3 -8 10 12 -12 13 -2 20 -14 21 27 -18 -19 26 -11 -23 24 25 -22 -1 -16 -28 -29
right_child=1 2 -4 4 -6 -7 8 -9 -10 16 11 -13 15 -15 17 -17 18 19 -20 -21 23 22 -24 -25 -26 -27 28 29 -30 -31
leaf_value=0.03862352076760573 0.016069116607922092 0.0057004708919378248 -0.051486513754469998 -0.094066478413723689 -0.054225775055916893 0.018434335685202512 0.014385314405099251 -0.042306714092160413 -0.0011192154171061938 0.049175421177355412 -0.084283647352370566 0.025292542781255384 0.00061161640376315653 -0.05953822166494617 0.02815321704751313 0.036785203261091991 0.026367294601808929 0.024051703668527227 -0.01959537766564028 -0.01516264111350011 0.039725496675504034 0.053194158018936025 0.013114231295273664 0.049653074917874601 0.051107013628452248 0.027092926354136911 0.048675571981493415 0.042723113545553276 0.042272476684531456 0.03335952237848782
leaf_weight=32.580642510205507 469.41489345580339 265.49552513659 24.3066972468514 5.6373872458934775 14.112946327310054 468.98531421273947 784.02336116973311 114.00552361272275 1157.4554479541257 47.861395724117756 9.9206837937235832 9.5692780837416649 19.182021252810955 16.057051189243793 32.644274152815342 102.2278841547668 11.27868513017893 9.5812308229506016 8.6096337065100652 8.7120920903980732 176.70901886001229 17.184174776077271 18.40642886608839 72.182656295597553 38.605842493474483 25.667415682226419 510.79579637944698 24.283586833626032 29.878368012607098 26.988244280219078
leaf_count=37 588 747 2472 27 603 2233 4553 582 22197 34 36 12 30 45 42 90 14 13 32 30 196 12 28 67 35 35 504 19 33 26
internal_value=0.0153298 0.0073447 0.00450654 0.00499093 0.0150385 0.0170981 0.00287518 -0.00872132 0.00514195 0.0183674 0.01559 -0.0304834 0.0170697 0.0135684 0.0441139 0.03107 0.0352018 0.0289129 0.0064701 0.00537609 0.0458666 0.0420492 0.032466 0.0423814 0.0402033 0.0381233 0.0477705 0.0340438 0.0483217 0.0377943
internal_weight=4552.36 3563.73 2834.02 2809.72 488.736 474.623 2320.98 379.501 1941.48 729.712 626.372 19.49 606.882 485.472 988.629 121.41 103.34 102.209 19.8883 18.2933 886.42 83.452 35.5906 313.165 240.982 202.376 573.255 83.9161 540.674 51.2718
internal_count=35372 34335 33414 30942 2863 2260 28079 1329 26750 921 801 48 753 633 1037 120 120 130 46 43 907 74 40 333 266 231 574 87 537 45
is_linear=0
shrinkage=0.05


Tree=63
num_leaves=31
num_cat=0
split_feature=0 4 9 9 5 4 9 5 0 5 6 0 4 5 0 6 5 4 5 5 5 6 4 6 6 9 4 5 9 5
split_gain=426.427 31.0605 25.6257 39.153 18.1279 17.4559 13.3525 7.96249 18.4218 11.4734 12.3226 7.8563 5.18714 3.22947 2.14642 3.40479 1.85765 7.62563 1.42552 2.07276 1.41914 1.17693 1.06231 0.748976 0.702859 0.407478 0.265378 0.203626 0.116573 0.082223
threshold=0.79607143489532584 11.500000000000002 0.87602355217232619 0.88471554883252079 0.15313134460521474 10.500000000000002 0.78075233748944217 0.20009093039006096 0.88949704911625471 0.069378186824279264 0.019086713809668813 0.84841191434953422 1.5000000000000002 0.018646610862734007 0.67440100308966022 0.0043642576874108894 0.041485665194539251 3.5000000000000004 0.041485665194539251 0.012194000932953456 1.0000000180025095e-35 -0.069593545483374528 1.5000000000000002 -0.13466736653647038 -0.0019241660232465205 1.0164793256254716 4.5000000000000009 0.02244500143921135 0.69155430444242572 0.07723870025598728
decision_type=2 2 2 2 2 2 2 2 2 2 2 2 2 2 2 2 2 2 2 2 2 2 2 2 2 2 2 2 2 2
left_child=6 2 7 12 5 -5 14 9 -9 10 -2 -11 -4 22 15 21 -15 -18 19 20 -16 23 -8 -1 -14 -6 29 -23 -10 -20
right_child=1 -3 3 4 25 -7 13 8 28 11 -12 -13 24 16 18 -17 17 -19 26 -21 -22 27 -24 -25 -26 -27 -28 -29 -30 -31
leaf_value=0.044866888720908549 0.015418668050422605 -0.051425306499593031 -0.034041730002766633 0.004966393490038707 -0.085358676920177512 0.03923635030917963 0.023626990151655383 0.036747791113466904 -0.077293418996118912 0.011552652956819514 -0.02110483399056692 0.043234116294777414 -0.095085866828509974 0.047847400568874335 0.039085586120776519 0.030405081288732046 0.042581999296253295 0.0080377423267318001 0.047397742137213698 0.026412313796187404 0.047758718613942083 0.048341590743366823 0.0084034454910314645 0.03252121317749803 -0.069335574539483982 -0.06169327591876788 0.050984501489260627 0.052210489038330234 -0.065340129216306025 0.042899029466742448
leaf_weight=40.146099716424942 517.67847271263599 23.148072376148775 15.810872644186022 2722.8169268332422 2.8005656599998465 37.672348032705486 32.729703865945339 7.706164717674258 3.493333697319029 28.797052718698978 24.172261573374271 61.057830572128296 3.6946465820074073 19.3422761708498 165.91569213196635 29.594446830451488 45.068680215626955 24.748737536370754 19.74764271825552 25.054124467074871 65.896189644932747 442.18017182126641 17.63307237252593 17.702095340937376 9.3722042888402921 5.1893453034572303 35.86153719201684 36.843082308769226 4.9016586877405643 20.91292105615139
leaf_count=42 653 2472 49 30312 21 401 37 6 20 38 54 52 17 16 192 39 40 38 19 35 66 457 26 23 58 66 33 35 33 22
internal_value=0.0147182 0.00629957 0.00668742 0.00461226 0.0052164 0.00543407 0.0428106 0.0156484 -0.0190733 0.0165334 0.0137893 0.0330807 -0.0533063 0.0284184 0.0450421 0.0469155 0.0341356 0.0303368 0.041859 0.0400745 0.0415511 0.0478256 0.0182969 0.041089 -0.0766165 -0.0699883 0.0478492 0.0486392 -0.0703141 0.0450839
internal_weight=4507.69 3468.31 3445.16 2797.36 2768.48 2760.49 1039.38 647.807 16.1012 631.706 541.851 89.8549 28.8777 139.522 899.854 566.466 89.1597 69.8174 333.388 256.866 231.812 536.871 50.3628 57.8482 13.0669 7.98991 76.5221 479.023 8.39499 40.6606
internal_count=35372 34252 31780 30924 30800 30713 1120 856 59 797 707 90 124 157 963 596 94 78 367 293 258 557 63 65 75 87 74 492 53 41
is_linear=0
shrinkage=0.05


Tree=64
num_leaves=31
num_cat=0
split_feature=0 1 1 1 1 0 4 1 1 9 0 6 9 4 1 6 6 0 6 9 1 1 6 0 6 1 2 1 4 9
split_gain=409.947 29.4049 28.7256 38.3457 42.9451 34.8725 66.535 33.2411 32.7885 13.5105 12.8239 8.05509 13.0007 8.76035 7.23155 6.68851 5.9745 6.67681 8.62484 7.33628 5.45961 5.15321 3.47222 2.20423 3.45826 1.89678 1.69368 1.94006 1.5935 1.07655
threshold=0.79607143489532584 -0.047966522630089763 0.074105498205765633 0.0043218378453602777 0.0074319516581514153 1.0014757722312477 2.5000000000000004 0.0015333566061632722 0.012348771686598871 0.78075233748944217 0.86854195906969534 -1.0000000180025095e-35 0.93182869425034964 7.5000000000000009 0.10637349610893444 0.050692122213471198 0.0032676612110762453 0.82432629697368109 -0.029951877588164973 0.84448106573143 -0.0084614025790496466 0.0043218378453602777 -0.020224230737428513 0.67440100308966022 0.0043642576874108894 -0.25458354073336642 1.0000000180025095e-35 -0.12929531592348445 3.5000000000000004 0.81546828354049861
decision_type=2 2 2 2 2 2 2 2 2 2 2 2 2 2 2 2 2 2 2 2 2 2 2 2 2 2 2 2 2 2
left_child=9 15 3 5 10 7 -7 -3 -6 23 -5 12 -4 14 -13 16 17 19 -19 -2 29 22 -22 24 25 -1 27 -25 -29 -11
right_child=1 2 11 4 8 6 -8 -9 -10 20 -12 13 -14 -15 -16 -17 -18 18 -20 -21 21 -23 -24 26 -26 -27 -28 28 -30 -31
leaf_value=0.037744338787287009 -0.029805349096321716 0.0063469539305043288 0.036021621620581944 -0.18595091713896666 0.01800595802252403 0.0035722136265076312 -0.051487352175884231 0.034820994423032436 -0.016538364844252515 0.031661984575486378 -0.054165554068843574 0.045495898718314373 -0.066400818738800257 0.072961468666599291 0.017843371088045429 0.047478225110519273 -0.013498684263745099 -0.014312297753812995 0.026330682833684588 0.02046484915954 0.018599447371485195 0.036557630529660844 -0.011964287219097315 0.024341110280142936 0.029717397671642172 0.04847000631285403 0.048087672678928106 0.038773918492954869 0.049771191535033094 0.043709608914031382
leaf_weight=45.195297487080097 12.90864070504904 2301.9767122687772 6.8175890222191793 1.9399379491806019 100.49314121739008 207.98007600940764 74.531324077630416 107.27500180527568 217.07267042808235 48.439420685172081 38.113344612531364 35.691020973026752 5.6791518200188875 11.593921238556502 70.039656642824411 22.497373685240746 13.361622653901575 13.926913831382988 208.08857910521328 16.578617945313454 21.094141069799662 19.952953908592463 16.609412744641304 19.706240259110928 28.786083340644836 468.62790186703205 72.337810773402452 188.97129707410932 39.893848862498999 30.043083183467388
leaf_count=57 27 15454 11 10 2036 4330 4985 1045 3821 53 1679 105 70 12 202 19 32 57 338 19 29 19 30 29 39 500 74 225 39 26
internal_value=0.0141221 0.00598742 0.00460295 0.0036223 -0.0117603 0.00566599 -0.0109534 0.0076148 -0.00560687 0.0423311 -0.0605484 0.0276374 -0.0105243 0.0317022 0.0271779 0.0213045 0.0190813 0.0208122 0.0237812 -0.00154194 0.0276916 0.0160095 0.00513531 0.0446391 0.0465818 0.0475266 0.0413542 0.0393947 0.0406909 0.0362738
internal_weight=4466.22 3466.57 3179.2 3049.38 357.619 2691.76 282.511 2409.25 317.566 999.657 40.0533 129.821 12.4967 117.325 105.731 287.362 264.864 251.503 222.015 29.4873 136.139 57.6565 37.7036 863.518 542.609 513.823 320.909 248.571 228.865 78.4825
internal_count=35372 34252 33760 33360 7546 25814 9315 16499 5857 1120 1689 400 81 319 307 492 473 441 395 46 157 78 59 963 596 557 367 293 264 79
is_linear=0
shrinkage=0.05


Tree=65
num_leaves=31
num_cat=0
split_feature=0 0 9 9 9 9 4 5 1 9 9 9 4 1 9 9 9 0 9 7 1 1 9 1 1 1 1 1 1 4
split_gain=533.718 47.6397 38.4958 85.8815 87.8584 56.1345 65.3082 53.2476 51.837 60.3292 51.6783 56.3357 50.2484 47.3436 43.0942 35.3513 32.7478 29.4266 28.3054 29.883 23.2376 42.1694 7.03053 5.3096 6.17689 4.92324 4.39645 3.46801 2.65683 2.56924
threshold=0.83782188591090134 0.77403764581199941 0.98655830674057943 0.99464453527777297 0.99626253622794114 0.9837901750932162 3.5000000000000004 0.0063991510690491315 0.024617294613363875 0.98178848984358713 1.0292399773971754 1.006475951536691 2.5000000000000004 0.018190013100706396 0.99504595468258594 1.0335987330258505 0.98539432891039314 0.98417110034496114 0.98233536495543372 1.0000000180025095e-35 -0.013379932417737382 -0.014412151847985775 0.82947877229335842 -0.04357088046994808 -0.031509254590606543 -0.029825017707375553 -0.022321372471672814 -0.065508496043638162 0.24899288295565905 1.5000000000000002
decision_type=2 2 2 2 2 2 2 2 2 2 2 2 2 2 2 2 2 2 2 2 2 2 2 2 2 2 2 2 2 2
left_child=1 22 5 20 7 8 12 14 9 13 11 -6 16 -2 -5 -12 -7 -14 19 -10 21 -4 -1 27 -25 -26 -27 29 -22 -3
right_child=2 23 3 4 10 6 -8 -9 18 -11 15 -13 17 -15 -16 -17 -18 -19 -20 -21 28 -23 -24 24 25 26 -28 -29 -30 -31
leaf_value=0.044639100308320565 0.0039901798557941464 0.037259458769638397 -0.05716241325765456 0.1462694383384387 -0.0050289669500956759 0.042891606819185697 -0.054084032480878036 -0.052746371300346463 -0.055951502377127219 -0.057725451245663577 0.087557801435986501 -0.037345262634087384 0.13019683756009504 0.054178161112479577 0.044642320270312591 0.011871905843468126 -0.055260449650954446 0.050158841014171986 0.056211647029454095 0.049683919142077919 -0.053406820578120157 0.10181328302083506 0.019156705883833419 -0.0058529619267264806 0.049118517406408775 -0.0044297670085962229 0.022890727103166263 0.04456650929532531 -0.13046758068423625 0.017539581361098785
leaf_weight=879.88136117532849 1580.5082118585706 30.593603082001209 10.144508272875102 12.623725466430185 686.66541466861963 33.758106727153063 15.912474286276845 11.674583160318432 68.295504588168114 38.646471850574017 17.674788121599704 167.81810267851688 24.328802488744259 48.429447981994599 60.063350743614137 121.37948433263227 11.3571036811918 21.75077907089144 7.5038648168556383 7.4225488789379588 110.31557508953847 7.0843768138438454 27.926578193902969 19.649140626192093 17.105960533022881 15.452787436544893 312.79914738237858 45.17015927657485 1.1299590915441502 35.898451611399651
leaf_count=1013 6386 25 124 148 11419 233 400 472 717 517 260 7392 43 221 583 1643 187 70 31 11 3154 13 36 34 10 24 346 34 5 45
internal_value=0.0113692 0.0371344 -0.000270973 -0.00722496 -0.00261603 0.00424511 0.0393835 0.0463723 0.00209549 0.00401746 -0.00677564 -0.0113758 0.0556925 0.0054823 0.0622921 0.0214921 0.0181832 0.0924168 -0.0364165 -0.0455962 -0.0458337 0.00820709 0.0438552 0.0243347 0.0214159 0.0229674 0.0216046 0.0338756 -0.0541881 0.0266129
internal_weight=4448.96 1384.48 3064.49 1206.57 1077.9 1857.91 107.107 84.3617 1750.81 1667.58 993.538 854.484 91.1948 1628.94 72.6871 139.054 45.1152 46.0796 83.2219 75.7181 128.674 17.2289 907.808 476.669 365.007 345.358 328.252 111.662 111.446 66.4921
internal_count=35596 1567 34029 25213 21917 8816 933 1203 7883 7124 20714 18811 533 6607 731 1903 420 113 759 728 3296 137 1049 518 414 380 370 104 3159 70
is_linear=0
shrinkage=0.05


Tree=66
num_leaves=31
num_cat=0
split_feature=0 0 0 4 5 0 5 5 5 4 9 0 9 9 0 9 0 7 9 9 9 5 5 9 9 0 9 2 4 4
split_gain=503.435 47.924 36.7377 52.1987 54.8054 51.6001 41.6228 80.6105 49.0337 48.9772 45.9122 42.5331 52.2471 38.0486 31.4197 31.2526 28.821 26.4855 22.1224 19.8307 23.6909 20.8539 60.8833 23.6754 13.5911 7.52366 7.05312 6.93604 4.07398 3.52523
threshold=0.83782188591090134 0.77403764581199941 0.93888272582828181 2.5000000000000004 0.00030159282149678129 0.89865911423211597 0.027283392673848338 0.030531103980120339 0.018078569768942811 3.5000000000000004 1.0313630280445019 0.94942097924715485 0.95059864047967813 0.94850685883142705 0.99740981557957575 1.0335987330258505 0.92110105860318015 1.0000000180025095e-35 0.94473545306063789 0.88471554883252079 0.87602355217232619 0.0012633113902844847 0.0014440182338539631 0.93793634176222473 0.84448106573143 0.8595186046617459 0.82947877229335842 1.0000000180025095e-35 1.5000000000000002 2.5000000000000004
decision_type=2 2 2 2 2 2 2 2 2 2 2 2 2 2 2 2 2 2 2 2 2 2 2 2 2 2 2 2 2 2
left_child=1 26 3 19 25 17 8 9 11 -8 13 18 -13 -9 -11 -12 -7 -6 -4 20 24 23 -23 -21 -2 -5 -1 -3 -22 -29
right_child=2 27 6 4 5 16 7 10 -10 14 15 12 -14 -15 -16 -17 -18 -19 -20 21 28 22 -24 -25 -26 -27 -28 29 -30 -31
leaf_value=0.04423552035253861 0.027965149891762821 0.020818293547881762 -0.019703271904745398 -0.14676553949913249 0.0022049088113759632 -0.067931114778880475 -0.057725977339048655 0.005299179803809206 -0.054180889928957643 0.072401811658064461 0.15828235699973325 0.054918477292146918 -0.0045059833870417865 -0.057209421571622926 0.17797381156448316 0.031372356395433273 -0.0097418907542154379 0.048067882261415146 -0.071214642158267602 0.01101477010857123 -0.03442329032518545 0.10748003170892272 0.020619467282017172 0.058005493571998967 -0.001153247762868725 -0.067122374970926643 0.018498330896140835 0.025097642522276337 -0.084516316284576704 0.046264783493698267
leaf_weight=844.41382556036115 59.500947147607803 387.64384729787707 57.239296056330204 3.3851217031478908 154.05249979300424 37.40065860748291 5.1545088812708846 84.425274803303182 52.015667320927605 20.54493399523199 5.7384930881671599 37.811980545520782 1699.3079311095644 34.208625516854227 10.727588562062008 31.3676015608944 49.368518247734755 39.563725970685482 32.779709777794778 320.15257197991014 16.340393658727411 25.611769825220108 95.02027196623385 29.254161603748798 122.73589535057545 23.91146994382143 27.485921047627926 34.992638517171144 5.4002579599618903 44.920371398329735
leaf_count=1013 61 445 216 16 374 314 85 330 1543 43 21 85 27747 885 75 215 310 29 214 743 53 7 216 25 202 191 36 38 29 35
internal_value=0.0109428 0.0364984 -0.000269314 0.00769771 -0.00936684 -0.00278258 -0.00404527 0.018119 -0.00631184 0.0850789 0.00245734 -0.00494909 -0.00321249 -0.0127255 0.108617 0.0509991 -0.0348236 0.0115766 -0.0384607 0.0154875 0.00246845 0.0211373 0.0390611 0.0149491 0.00835401 -0.0769991 0.0434242 0.0235833 -0.0468661 0.036996
internal_weight=4392.48 1339.46 3053.02 981.698 307.682 280.385 2071.32 192.167 1879.15 36.427 155.74 1827.14 1737.12 118.634 31.2725 37.1061 86.7692 193.616 90.019 674.016 203.977 470.039 120.632 349.407 182.237 27.2966 871.9 467.557 21.7407 79.913
internal_count=35596 1567 34029 2570 1234 1027 31459 1654 29805 203 1451 28262 27832 1215 118 236 624 403 430 1336 345 991 223 768 263 207 1049 518 82 73
is_linear=0
shrinkage=0.05


Tree=67
num_leaves=31
num_cat=0
split_feature=0 0 9 9 0 0 9 0 7 9 9 9 8 2 4 0 5 9 5 9 2 4 4 4 5 5 5 0 4 9
split_gain=474.334 48.1134 35.0809 81.7445 32.6854 93.1383 26.7654 36.8922 28.8533 21.0288 39.5683 45.3409 17.5432 21.5678 16.7773 15.9986 41.2896 25.4711 13.7062 7.06682 6.74254 3.50742 2.75315 6.01378 7.23366 3.74415 2.14628 2.63121 1.50332 0.909133
threshold=0.83782188591090134 0.77403764581199941 1.0000000413579333 1.0292399773971754 1.0011824544668417 1.0010380571737927 1.0335987330258505 1.030742035123225 1.0000000180025095e-35 1.0014689545768249 1.006475951536691 1.0054027141717699 1.0000000180025095e-35 1.0000000180025095e-35 1.5000000000000002 1.113510578831949 0.00051684572887003533 1.2233683662751009 0.046353196112814021 0.82947877229335842 1.0000000180025095e-35 2.5000000000000004 5.5000000000000009 3.5000000000000004 0.050275696128480728 0.04451215428796141 0.12657064981965302 0.71671809518199014 2.5000000000000004 0.72544886116289808
decision_type=2 2 2 2 2 2 2 2 2 2 2 2 2 2 2 2 2 2 2 2 2 2 2 2 2 2 2 2 2 2
left_child=1 19 4 9 5 12 7 -5 -9 -4 11 -11 13 -2 -12 16 -8 -17 -14 26 22 -22 23 25 -25 -3 27 -1 -29 -28
right_child=2 20 3 6 -6 -7 15 8 -10 10 14 -13 18 -15 -16 17 -18 -19 -20 -21 21 -23 -24 24 -26 -27 29 28 -30 -31
leaf_value=0.046264844928782023 -0.0013855180889603587 0.01821083329093252 -0.053064654855427142 -0.054739716614671835 -0.053781985525946464 0.22932478582224061 -0.053320269096448693 0.064437324691567224 0.21430474807695199 -0.015864668525563189 -0.019450541743651156 0.053702864723035093 0.0099251659228984865 0.011182632239640999 -0.051773015763895605 0.051368876512159115 0.030974848128557022 -0.015165157793604304 0.042579414219478959 0.017853425528665215 0.0243511520311155 0.045772384468135682 0.033383551902635179 0.02060040586262693 -0.02915909415079946 0.032367809749005272 0.031269386742562348 0.036047901022051541 0.045652180808920216 0.044259555234146986
leaf_weight=564.8091662414372 1864.9195891532581 259.68106443807483 57.683744631707668 4.2784573994576958 25.907684950158 4.5242310608737162 26.954844295047224 10.13866156991571 4.7005848735570899 99.962786328978837 75.678684744052589 30.588679258013144 198.64956189319491 417.83087174827233 85.508744221180677 41.576008278876543 31.507630784297362 21.994437099434435 38.336600018665195 27.065742280334234 34.280476950109005 43.177699789404869 35.441924650222063 15.452296935021879 13.85030062869191 56.945561312139034 45.707626990973949 118.98607105761766 61.960881382226944 19.096385158598423
leaf_count=696 15423 308 1601 111 1214 28 732 142 7 3405 1969 920 455 1640 5423 243 419 249 48 36 38 35 36 17 31 53 65 160 70 22
internal_value=0.010534 0.0358572 -0.000262814 -0.0125075 0.00209269 0.00266615 0.0196055 0.0746148 0.11191 -0.0254797 -0.0200255 0.000435255 0.00225918 0.000914935 -0.0365974 0.0109878 -0.00789045 0.0283491 0.0152076 0.0429862 0.0228428 0.036292 0.0201112 0.0187514 -0.00291915 0.020757 0.0438254 0.0445838 0.0393367 0.0350973
internal_weight=4337.2 1296.46 3040.74 490.573 2550.17 2524.26 141.151 19.1177 14.8392 349.423 291.739 130.551 2519.74 2282.75 161.187 122.033 58.4625 63.5704 236.986 837.626 458.829 77.4582 381.371 345.929 29.3026 316.627 810.56 745.756 180.947 64.804
internal_count=35596 1567 34029 15221 18808 17594 1903 260 149 13318 11717 4325 17566 17063 7392 1643 1151 492 503 1049 518 73 445 409 48 361 1013 926 230 87
is_linear=0
shrinkage=0.05


Tree=68
num_leaves=31
num_cat=0
split_feature=0 0 9 9 0 0 6 6 6 9 6 9 0 5 5 0 0 5 9 9 9 2 1 9 1 1 9 6 1 5
split_gain=446.749 48.2077 32.2722 75.1751 30.8717 70.3132 28.8171 50.1225 22.6806 55.2246 38.3687 22.4825 30.6945 20.7774 61.3829 16.4558 14.2485 38.5505 22.3476 9.92551 7.07856 6.54361 3.34203 7.93389 12.3359 3.71649 3.2572 2.99116 2.57168 2.82208
threshold=0.83782188591090134 0.77403764581199941 1.0000000413579333 1.0292399773971754 1.0011824544668417 1.0010380571737927 0.01076726791894689 0.011153225166589511 0.0025919577767775652 0.9959997273599549 0.0010450757919042155 1.0335987330258505 1.030742035123225 0.00011991359479057865 0.00011222396775858297 0.99815518818060245 1.113510578831949 0.00051684572887003533 1.2233683662751009 1.0313630280445019 0.81546828354049861 1.0000000180025095e-35 -0.04357088046994808 0.81546828354049861 -0.0025219606840677917 0.028702583167202093 0.79993701601943779 -0.13466736653647038 -0.065508496043638162 1.9023395836585481e-05
decision_type=2 2 2 2 2 2 2 2 2 2 2 2 2 2 2 2 2 2 2 2 2 2 2 2 2 2 2 2 2 2
left_child=1 20 4 6 5 8 13 -8 10 -10 -2 12 -5 14 -4 -15 17 -13 -18 -14 -1 22 28 25 -25 -24 -23 -22 29 -3
right_child=2 21 3 11 -6 -7 7 -9 9 -11 -12 16 19 15 -16 -17 18 -19 -20 -21 27 26 23 24 -26 -27 -28 -29 -30 -31
leaf_value=0.043484328174031334 0.0010482721117962206 0.034724586098769709 -0.022969152918874924 -0.054512498352554145 -0.053621678181351599 0.18382703283504576 0.098790185594499785 -0.052229254737940017 0.0071638737693835806 0.071530676624902034 -0.045909324173755532 -0.053159513209866463 0.14891222273563268 -0.00859266642391447 0.13472336075262678 -0.05147129927517783 0.047727026789898763 0.029209128162656712 -0.014522830853204206 0.067731951182231784 0.0046474934282757932 0.047274961252098791 0.021496720441685321 -0.033264648126523237 0.013593257133095771 0.043673133578879447 0.026311139047223216 0.035618594600341058 0.040529850219044594 0.010314788274882608
leaf_weight=773.62569920346141 2065.0114942209329 22.041675012558699 171.55235702218488 4.086329857818785 24.715971982339397 5.3368534604087463 12.114288679789754 10.05410498077981 372.10067393165082 36.601142848841846 44.437693435233086 25.715820492245257 6.1431838953867528 27.891930778510869 6.4014072138816109 113.13860384258442 42.486533760093153 31.735628130612895 21.823333906941116 9.7270891256630421 16.560851737856868 33.232728119939566 141.48086722567677 15.912234321236609 119.74488088488579 21.804165296256542 41.876513864845037 14.729939091950653 28.842462789267302 25.585070908069611
leaf_count=1007 14451 19 4603 111 1214 28 28 648 2356 99 660 732 46 784 44 7211 243 419 249 103 25 27 167 34 150 16 46 17 24 35
internal_value=0.0101299 0.0352112 -0.000258539 -0.0121104 0.00198733 0.00253199 -0.0248258 0.0302978 0.00214776 0.0129282 5.90626e-05 0.0184989 0.0676906 -0.0286567 -0.0172966 -0.0429911 0.0104364 -0.00765987 0.0266028 0.0991558 0.0425413 0.0221149 0.0194195 0.0170335 0.00809694 0.024458 0.0355868 0.0192269 0.0287472 0.0216117
internal_weight=4286.51 1255.44 3031.07 482.871 2548.2 2523.49 341.153 22.1684 2518.15 408.702 2109.45 141.718 19.9566 318.984 177.954 141.031 121.761 57.4514 64.3099 15.8703 804.916 450.521 375.411 298.942 135.657 163.285 75.1092 31.2908 76.4692 47.6267
internal_count=35596 1567 34029 15221 18808 17594 13318 676 17566 2455 15111 1903 260 12642 4647 7995 1643 1151 492 149 1049 518 445 367 184 183 73 42 78 54
is_linear=0
shrinkage=0.05


Tree=69
num_leaves=31
num_cat=0
split_feature=0 9 1 1 1 9 9 9 1 6 1 0 9 7 4 0 4 0 6 9 9 1 1 6 0 6 9 0 1 1
split_gain=421.988 64.6476 25.4776 68.012 41.6559 39.9382 35.6363 56.254 32.8238 24.0075 16.7374 47.0401 14.6776 30.6562 13.9943 37.973 17.7543 17.1785 14.0917 8.59869 5.90727 4.00079 9.54418 3.70153 3.62349 2.42959 2.32002 2.10394 2.03538 2.91072
threshold=0.79607143489532584 0.91174007701742654 0.087792935120329721 0.0036514234541229489 0.0034960696738036705 1.010501064223184 0.92574062103268606 0.92266035185870965 0.019611848482709807 0.050692122213471198 0.034574369273297552 0.84841191434953422 0.98233536495543372 1.0000000180025095e-35 4.5000000000000009 0.86854195906969534 3.5000000000000004 0.91441086034555841 0.050692122213471198 0.78075233748944217 0.98585241173490823 0.0039060977723197614 -0.0084614025790496466 0.074591253878676059 0.71671809518199014 0.025739541014119186 0.78075233748944217 0.74949852788436355 -0.12929531592348445 -0.0076036604972560254
decision_type=2 2 2 2 2 2 2 2 2 2 2 2 2 2 2 2 2 2 2 2 2 2 2 2 2 2 2 2 2 2
left_child=19 10 3 4 9 -6 7 -5 -8 -3 14 -12 13 -4 16 26 17 -2 -18 24 -14 22 27 -22 25 -1 -16 -21 -26 -30
right_child=1 2 12 6 5 -7 8 -9 -10 -11 11 -13 20 -15 15 -17 18 -19 -20 21 23 -23 -24 -25 28 -27 -28 -29 29 -31
leaf_value=0.045264826380136659 0.014341450453354158 -0.00090963149699645109 -0.076434894445036455 -0.064998163865703271 -0.054180053032783407 0.19884460083639743 -0.053722638790447225 0.082826730737350099 -0.012912755238609292 -0.070517116412268835 0.019130858647558438 -0.084587252918173456 0.066435813013031336 0.068258415458159152 0.02940825399864784 -0.078543678660530067 0.019352322560310345 -0.029292337275098432 0.059583042168691563 0.01958351656757926 0.022133269078578703 0.04753472885120829 0.0033745923796370085 0.058030302556894314 0.017522944254078153 0.026366333329315695 0.0050681197601280198 0.039171521505656628 0.046377871162603744 0.03275483770811094
leaf_weight=545.06014546751976 770.60075391083956 2040.3862918089144 9.2783491089940053 10.63587946817279 2.278866594657301 4.940930797252804 118.56089792679995 16.296993814408779 84.309156909352168 12.462940181139855 32.118106834590435 16.572881715372205 12.169393494725226 6.0460905581712714 15.884703621268271 14.957520315423606 50.666855521500111 23.237066421657801 38.159936435520649 17.651575330644846 45.095703625120223 24.300786085426807 34.814822927117348 8.5415267497301084 13.091748792678116 17.554385975003242 25.51620926707983 61.369461681693792 63.776207603514194 101.79063880443573
leaf_count=733 1239 24432 54 97 66 19 5423 39 2177 132 37 115 5 2 16 101 86 110 23 25 197 19 58 13 23 27 38 63 78 149
internal_value=0.00973736 0.00166423 -0.002813 -0.00378859 -0.000910572 0.11898 -0.0295886 0.0244502 -0.0367628 -0.00133222 0.0124118 -0.0161715 0.0247226 -0.0193477 0.0138939 -0.0102621 0.0154363 0.0130642 0.0366354 0.0405709 0.0349853 0.0291178 0.0251863 0.0278497 0.0427052 0.0446752 0.0144069 0.034796 0.0365017 0.0380024
internal_weight=4238.13 3358.72 2371 2289.87 2060.07 7.2198 229.803 26.9329 202.87 2052.85 987.714 48.691 81.1311 15.3244 939.023 56.3584 882.665 793.838 88.8268 879.41 65.8066 138.137 113.836 53.6372 741.273 562.615 41.4009 79.021 178.659 165.567
internal_count=35596 34421 32656 32385 24649 85 7736 136 7600 24564 1765 152 271 56 1613 155 1458 1349 109 1175 215 165 146 210 1010 760 54 88 250 227
is_linear=0
shrinkage=0.05


Tree=70
num_leaves=31
num_cat=0
split_feature=9 9 1 1 6 5 1 9 1 6 6 9 6 2 6 5 1 1 2 5 9 5 5 1 6 9 5 1 9 5
split_gain=367.201 48.8783 32.0954 52.3232 51.1637 63.4689 35.7558 61.1898 32.8172 40.5255 32.4991 21.6847 48.6077 20.2217 17.1987 15.97 26.7935 18.0699 34.5569 16.7524 32.6582 14.2851 19.4276 13.3971 10.12 7.49122 6.31381 3.16396 3.16386 2.79916
threshold=0.78075233748944217 0.87602355217232619 0.00054414420779280725 0.0087033329592945425 -0.0072557262618944121 0.0058316490309901553 0.0092496371726692467 1.0091635670828751 0.00047212581336397724 -0.01025434876382003 -1.0000000180025095e-35 0.88471554883252079 -0.045882999179252031 1.0000000180025095e-35 0.044133880472554794 0.00028470368939688688 0.001154309548831667 0.033040206558644654 1.0000000180025095e-35 1.5393099490174267e-05 0.82947877229335842 0.0003429303348626892 0.0011291382912119094 -0.011811779587740266 0.018193067409329359 0.96474161569403527 0.15313134460521474 0.047603521530936561 0.69155430444242572 0.028827992616032038
decision_type=2 2 2 2 2 2 2 2 2 2 2 2 2 2 2 2 2 2 2 2 2 2 2 2 2 2 2 2 2 2
left_child=14 15 8 4 5 -4 7 -5 11 -10 -8 12 -3 -13 28 16 19 18 -18 23 -21 -17 -23 -2 -24 -6 -16 -19 -1 -30
right_child=1 2 3 6 25 -7 10 -9 9 -11 -12 13 -14 -15 26 21 17 27 -20 20 -22 22 24 -25 -26 -27 -28 -29 29 -31
leaf_value=0.046760099349446957 0.028498015355890884 0.045838213445911685 0.18508795625865504 0.0089921632173428079 -0.02515573994338546 -0.0075887360548684522 -0.037223942546856216 0.23030405727080261 0.18734435427012774 -0.054717558571530961 0.0058963252376804101 0.00092318089327223646 -0.084179786872314366 0.013630702717810864 0.026978498711089479 0.064661062383321283 -0.11184630152517841 0.019419810031362613 0.012832524817628236 0.016571946860989024 -0.083164052488782808 -0.03201293713449687 0.027616895320139074 0.0056728244412466537 0.0051512890113489147 -0.05267377869999721 -0.0082387511065683556 -0.0150647688675628 0.036396299140427794 0.048178643056182087
leaf_weight=443.77346138656139 136.99369410052896 11.063360765576364 5.1650306298397508 10.083378077950327 32.089320525061339 24.777703663799912 54.658756258198991 4.5248037585988632 5.1243352023884654 2.6096396867651483 217.87874411186203 1845.4336724588647 20.52429036423564 377.02573050931096 42.95070443674922 19.242095232009888 13.150634825229645 12.797801561653616 9.6254947111010551 23.239149525761604 12.689704120159147 16.816798605024815 251.91337959468365 121.12938912212849 62.581543322652578 107.86824719142169 18.08595410361886 13.849796511232851 178.79734949581325 70.200087429955602
leaf_count=609 133 8 13 174 258 525 1678 81 7 75 3656 20251 105 2123 55 5 51 17 12 28 47 38 280 176 125 4649 49 29 262 89
internal_value=0.0104041 0.0034282 0.000405001 -0.01168 -0.0336733 0.0256474 0.0013332 0.0775423 0.00284705 0.105667 -0.00275166 0.00249426 -0.0386419 0.00307893 0.0419873 0.0152715 0.0076091 -0.0264538 -0.0591554 0.0133343 -0.0186538 0.0227791 0.0203467 0.0177868 0.0231465 -0.0463645 0.0165432 0.00149683 0.044229 0.0397181
internal_weight=4166.66 3412.86 2718.83 457.046 169.9 29.9427 287.146 14.6082 2261.78 7.73397 272.538 2254.05 31.5877 2222.46 753.808 694.029 343.476 49.4237 22.7761 294.052 35.9289 350.554 331.312 258.123 314.495 139.958 61.0367 26.6476 692.771 248.997
internal_count=35608 34544 33603 11034 5445 538 5589 255 22569 82 5334 22487 113 22374 1064 941 493 109 63 384 75 448 443 309 405 4907 104 46 960 351
is_linear=0
shrinkage=0.05


Tree=71
num_leaves=31
num_cat=0
split_feature=0 0 5 0 0 0 1 0 6 7 1 0 0 0 1 1 1 1 2 0 1 5 1 1 6 7 5 5 1 6
split_gain=389.411 33.6182 34.9438 31.7712 40.4797 53.6068 34.2044 30.4854 59.5698 24.352 17.5747 29.6465 29.7587 14.4992 15.8639 35.7421 15.569 14.1614 10.2451 9.40456 8.49982 6.31974 11.2135 5.75624 3.96254 3.01193 4.92792 3.33504 2.34124 2.0589
threshold=0.79607143489532584 0.90650547463159514 0.12657064981965302 0.95653128094366813 0.96202134474703638 0.97479819913742671 1.0000000180025095e-35 0.94134462375217909 -8.332251790754695e-06 1.0000000180025095e-35 0.015584090267302732 0.84841191434953422 0.89865911423211597 0.90262237211738949 -2.2585177399669917e-05 -1.0000000180025095e-35 0.0087033329592945425 0.0024176718498895027 1.0000000180025095e-35 0.74949852788436355 -0.01696235185566319 0.0069089266874727663 0.045543878028782299 -0.022321372471672814 0.039767323020250218 1.0000000180025095e-35 0.046353196112814021 0.00016375351784740603 -0.17203773081459026 -0.087718746923348898
decision_type=2 2 2 2 2 2 2 2 2 2 2 2 2 2 2 2 2 2 2 2 2 2 2 2 2 2 2 2 2 2
left_child=19 10 3 7 6 -6 -5 9 -9 -3 13 21 -13 16 20 -16 17 -2 -18 24 -15 22 -12 -21 28 26 27 -25 29 -1
right_child=1 2 -4 4 5 -7 -8 8 -10 -11 11 12 -14 14 15 -17 18 -19 -20 23 -22 -23 -24 25 -26 -27 -28 -29 -30 -31
leaf_value=0.017751890556761799 0.009958159583504449 -0.0079176985357536245 -0.068358826325385633 0.040861109751437696 -0.025465005542957615 0.0038932198430189401 -0.058394078889219693 0.012059448032580904 -0.051433382573653909 0.031412139555575452 -0.040405650347857168 -0.083200563082305154 0.027019387575131771 0.029956371469321119 0.080408118749211693 -0.074004266423146323 0.018267598419663873 -0.039489556421636304 0.064699893800866826 0.040672768915756052 0.073923154451798825 0.026606531872145553 0.024250232969422546 0.018754178514855339 0.022962017371312426 0.045501937720556024 0.036394922926293753 -0.007775349788994048 0.045481712304508606 0.039822381087237582
leaf_weight=12.846504738554357 715.02480257675052 322.91504279104993 19.017398974392563 100.20479221921414 172.90414327359758 1543.7866300614551 9.5030794492922706 56.92090363567695 105.24730790127069 44.820521909743547 13.020221248269083 21.234673788305372 8.6058604065328854 22.241280261427161 6.5865211039781562 8.6948610655963403 27.649540346115828 14.778804970905183 20.829671196639538 85.513635572046041 21.734920665621761 28.83099041134119 13.828077763319014 47.196813017129898 22.452081874012947 13.368890158832071 31.192727256566286 15.816064767539499 539.68050997145474 59.551637101918459
leaf_count=22 1229 1336 176 372 1816 27854 137 414 575 69 30 135 38 39 2 55 42 49 8 102 18 29 14 73 37 13 40 34 759 91
internal_value=0.00998702 0.00229263 -0.000854109 -0.000309287 0.00281803 0.000936276 0.0322635 -0.0110881 -0.0291475 -0.00312408 0.0103902 -0.0112006 -0.0514137 0.0125948 0.0364364 -0.00745005 0.0107795 0.00895682 0.0382178 0.0406521 0.0516866 0.010351 -0.00710497 0.03099 0.0435923 0.023293 0.0201413 0.0120953 0.0443491 0.0359061
internal_weight=4126 3298.38 2375.32 2356.3 1826.4 1716.69 109.708 529.904 162.168 367.736 923.06 85.5198 29.8405 837.54 59.2576 15.2814 778.283 729.804 48.4792 827.619 43.9762 55.6793 26.8483 193.088 634.531 107.574 94.2056 63.0129 612.079 72.3981
internal_count=35608 34437 32749 32573 30179 29670 509 2394 989 1405 1688 246 173 1442 114 57 1328 1278 50 1171 57 73 44 262 909 160 147 107 872 113
is_linear=0
shrinkage=0.05


Tree=72
num_leaves=31
num_cat=0
split_feature=9 9 1 1 6 5 1 6 6 1 5 9 6 2 6 5 5 9 5 1 9 5 5 9 9 5 1 9 5 1
split_gain=334.51 42.5223 28.2825 49.0152 48.4422 51.3184 29.4299 47.0514 30.3089 28.0021 27.6395 20.9337 44.271 17.412 16.8063 14.6757 23.1279 28.1591 25.6051 23.4915 24.0063 13.7137 17.3099 9.29558 8.10304 5.64309 3.97514 3.3295 2.93656 2.86645
threshold=0.78075233748944217 0.87602355217232619 0.00054414420779280725 0.0087033329592945425 -0.0072557262618944121 0.0058316490309901553 0.0092496371726692467 -1.0000000180025095e-35 -1.0000000180025095e-35 0.00047212581336397724 0.0076509969764271173 0.88471554883252079 -0.045882999179252031 1.0000000180025095e-35 0.044133880472554794 0.00028470368939688688 1.5393099490174267e-05 0.82947877229335842 0.00021271798373785367 -0.011811779587740266 0.84448106573143 0.0003429303348626892 0.0011291382912119094 0.85613749570892383 0.96474161569403527 0.15313134460521474 -0.023449129795589992 0.69155430444242572 0.028827992616032038 -0.00068039227970861915
decision_type=2 2 2 2 2 2 2 2 2 2 2 2 2 2 2 2 2 2 2 2 2 2 2 2 2 2 2 2 2 2
left_child=14 15 9 4 5 -4 7 -5 -8 11 -11 12 -3 -13 27 16 19 -18 -19 26 -21 -17 -23 -24 -6 -16 -2 -1 29 -29
right_child=1 2 3 6 24 -7 8 -9 -10 10 -12 13 -14 -15 25 21 17 18 -20 20 -22 22 23 -25 -26 -27 -28 28 -30 -31
leaf_value=0.046186608966893153 0.023153886829280098 0.04492882398534212 0.16007001657315809 0.13059909967537731 -0.023462837808906883 -0.0069485409775371142 -0.03633662969981432 -0.055328169393509312 0.0058162973133635519 -0.054709544214506189 0.15210634900370484 0.00079969060605024225 -0.082343971542650496 0.012584622859514137 0.025732408344205333 0.063603291164943829 0.0049445410941801587 -0.12716998206063337 0.010167129581228583 0.010978993511704531 -0.031329848447804676 -0.029651525969050838 0.015793740657225528 0.034308306594493611 -0.052542826646687135 -0.007962630871225727 0.045342209249661369 0.041378171053766961 0.047726649657818671 0.028252284318011842
leaf_weight=407.3036925625056 108.00481856241822 10.365573894232513 5.6533533670008209 10.231125198770313 31.21269721025601 24.665679715340957 53.050655216909945 5.098360040690749 217.37980024004355 2.2270518494769913 5.8828453635796905 1846.1527967597358 20.046779155731201 377.51819739467464 41.234672904014587 18.391894340515137 23.650368954986334 10.314426302909849 5.0581665039062491 119.26382452994585 46.638865560293198 17.1586684435606 203.5275712646544 101.6540660597384 103.02521922322921 17.785314578562975 24.825505897402763 87.978098165243864 64.619767272844911 78.891459027305245
leaf_count=609 115 8 13 84 258 525 1678 171 3656 62 20 20251 105 2123 55 5 34 50 10 156 110 38 297 108 4649 49 18 130 89 132
internal_value=0.00958054 0.00309297 0.000292702 -0.0111505 -0.0328885 0.0241941 0.00136743 0.0687624 -0.00245289 0.00257062 0.0953128 0.00223694 -0.038965 0.00280045 0.0411066 0.0142881 0.00690222 -0.0292986 -0.0819809 0.0116311 -0.000914945 0.0216095 0.0192134 0.0219608 -0.0457812 0.0155786 0.0273008 0.0434652 0.038677 0.0351726
internal_weight=4088.81 3391 2712.51 450.317 164.557 30.319 285.76 15.3295 270.43 2262.19 8.1099 2254.08 30.4124 2223.67 697.813 678.488 337.756 39.023 15.3726 298.733 165.903 340.732 322.34 305.182 134.238 59.02 132.83 638.793 231.489 166.87
internal_count=35608 34544 33603 11034 5445 538 5589 255 5334 22569 82 22487 113 22374 1064 941 493 94 60 399 266 448 443 405 4907 104 133 960 351 262
is_linear=0
shrinkage=0.05


Tree=73
num_leaves=31
num_cat=0
split_feature=0 0 5 0 0 4 0 0 4 4 1 0 0 0 1 1 1 1 0 6 1 1 5 1 6 7 5 1 1 6
split_gain=352.849 28.7967 32.8508 29.1683 35.7867 53.2075 48.8268 27.7713 87.8334 22.0156 15.6273 25.8936 28.319 13.4895 14.2655 32.7789 13.6663 12.3794 9.57202 9.14471 7.70043 5.75007 5.66542 9.89424 3.95688 3.05369 4.82478 3.36847 2.49161 2.07509
threshold=0.79607143489532584 0.90650547463159514 0.12657064981965302 0.95653128094366813 0.96202134474703638 5.5000000000000009 0.97479819913742671 0.94134462375217909 3.5000000000000004 2.5000000000000004 0.015584090267302732 0.84841191434953422 0.89865911423211597 0.90262237211738949 -2.2585177399669917e-05 -1.0000000180025095e-35 0.0087033329592945425 0.0024176718498895027 0.74949852788436355 0.00019713499937168424 -0.01696235185566319 -0.022321372471672814 0.0069089266874727663 0.045543878028782299 0.039767323020250218 1.0000000180025095e-35 0.046353196112814021 0.013401358067535287 -0.17203773081459026 -0.087718746923348898
decision_type=2 2 2 2 2 2 2 2 2 2 2 2 2 2 2 2 2 2 2 2 2 2 2 2 2 2 2 2 2 2
left_child=18 10 3 7 5 -5 -6 9 -9 -3 13 22 -13 16 20 -16 17 -2 24 -18 -15 -20 23 -12 28 26 27 -23 29 -1
right_child=1 2 -4 4 6 -7 -8 8 -10 -11 11 12 -14 14 15 -17 19 -19 21 -21 -22 25 -24 -25 -26 -27 -28 -29 -30 -31
leaf_value=0.015946192246610567 0.0091880897411306794 0.0039731124122391265 -0.067489484463211916 0.013114852576608728 -0.024571181446179789 0.10046432134381662 0.0036755074100405685 -0.05067691500619298 0.032482669073143136 -0.024305424269203971 -0.03772360223902313 -0.080930529863927597 0.026846390878130039 0.028418778519911925 0.076973189516888807 -0.072628221362337542 0.015941064324684298 -0.036668001216912792 0.039741180892237681 0.060338208829737776 0.070360530668287694 0.0045404787124851513 0.025158547629609812 0.023129005824256501 0.021817430609699595 0.044904592693241846 0.035295908866613331 0.03330440502044562 0.044822059885195199 0.038710602407575068
leaf_weight=12.240385219454764 705.4918761337176 274.95585580170155 18.351698941551149 89.161303115077317 169.80024005821906 21.671196087729186 1545.3574221963063 116.70901106949896 43.619589870795608 91.807957686018199 13.261326715350153 20.544912293553352 8.6656800080090779 22.101649358868595 6.4873273372650138 8.4060044568032009 25.519140295684338 15.031510782893745 80.167888840660453 21.262039572000504 21.67702025920153 48.02414034307003 27.840731248259544 13.459383837878702 21.64741063863039 12.637378254905341 29.409229984506965 12.915685243904589 497.06720269285142 54.955714646726847
leaf_count=22 1229 734 176 423 1816 86 27854 728 261 671 30 135 38 39 2 55 41 49 102 9 18 91 29 14 37 13 40 16 759 91
internal_value=0.00919388 0.00204907 -0.000852151 -0.000332446 0.00265845 0.0301944 0.000879091 -0.0106937 -0.0280522 -0.00310554 0.00961168 -0.0109655 -0.0489572 0.0116986 0.0348061 -0.00746394 0.00993173 0.00823144 0.0396769 0.0361196 0.0491862 0.0296999 0.00937419 -0.00707177 0.0427956 0.0218835 0.0186635 0.0106368 0.0436004 0.0345639
internal_weight=4050.25 3281.18 2371.43 2353.08 1825.99 110.832 1715.16 527.092 160.329 366.764 909.749 83.772 29.2106 825.977 58.672 14.8933 767.305 720.523 769.065 46.7812 43.7787 183.154 54.5614 26.7207 585.911 102.986 90.3491 60.9398 564.263 67.1961
internal_count=35608 34437 32749 32573 30179 509 29670 2394 989 1405 1688 246 173 1442 114 57 1328 1278 1171 50 57 262 73 44 909 160 147 107 872 113
is_linear=0
shrinkage=0.05


Tree=74
num_leaves=31
num_cat=0
split_feature=9 9 9 1 1 4 1 1 4 4 6 6 1 9 1 6 4 6 1 5 9 5 1 1 5 6 6 5 1 1
split_gain=303.633 37.317 33.6163 25.2465 51.8502 47.2835 38.0584 24.0702 27.0722 17.6772 16.4252 15.6545 22.1209 27.8517 11.9765 17.486 7.44807 14.8161 6.53382 5.01296 3.49062 3.06162 2.88477 3.18283 2.78474 4.35722 2.76215 2.43024 2.20131 1.93506
threshold=0.78075233748944217 0.8960351665440115 0.90021844339496782 0.00054414420779280725 0.018190013100706396 6.5000000000000009 0.023792540039125402 0.00047212581336397724 4.5000000000000009 11.500000000000002 0.044133880472554794 -0.0090801915141425753 0.014450322103860659 0.84448106573143 0.01008461402377331 0.044133880472554794 4.5000000000000009 -0.029951877588164973 0.033040206558644654 0.15313134460521474 0.69155430444242572 0.028827992616032038 -0.00068039227970861915 -0.12929531592348445 0.037799267251523411 -0.014863167652566787 -0.027672905983012249 0.093810821167158678 -0.047966522630089763 -0.25458354073336642
decision_type=2 2 2 2 2 2 2 2 2 2 2 2 2 2 2 2 2 2 2 2 2 2 2 2 2 2 2 2 2 2
left_child=10 11 28 7 5 -5 -6 9 -9 -4 20 16 14 18 15 -13 24 -18 -14 27 29 22 23 -22 25 -2 -26 -12 -3 -1
right_child=1 2 3 4 6 -7 -8 8 -10 -11 19 12 13 -15 -16 -17 17 -19 -20 -21 21 -23 -24 -25 26 -27 -28 -29 -30 -31
leaf_value=0.033619740424238535 0.00031002755002312605 -0.11188239241662989 0.0025265609283567914 -0.035906833204819959 0.049238716984695466 0.03334858075235738 -0.003898766949814861 -0.056121247794853751 0.14301360700385363 -0.051343941725711065 0.013929401761213572 0.011496189986161743 -0.026592415536097869 -0.078775871638182768 0.043733542949521281 -0.03307516977859272 -0.036810212641574365 0.037075240406290032 0.014453636667324294 -0.007707198729417138 0.020539475348487591 0.04725923276626786 0.026827390175657745 0.045343997921342499 0.030552424047113613 0.033016600436014301 0.051814045263389522 0.039046462650928315 -0.062944605608981449 0.046672741230394221
leaf_weight=30.954259542748332 17.697646718472242 2.7526224702596691 2066.9425151348114 197.49787912564352 43.397449411684647 28.159804346039891 150.74833705835044 2.3778313761576992 6.04742864635773 15.341304115485398 23.0288723167032 563.49001904577017 15.066367119550703 15.37079115025699 27.134535051882267 22.899161230772734 13.101082723587753 14.074225176125763 27.196837637573481 17.49393180757761 16.124563595280051 59.467768399044871 74.652262097224593 65.334816418588161 82.668923623859882 23.982280500233173 18.737845331430435 16.552848424762487 13.910558562260119 343.17046508193016
leaf_count=56 29 13 20475 6388 715 1686 2126 60 22 1589 39 858 32 104 25 83 33 14 36 49 31 89 132 99 100 24 13 16 119 553
internal_value=0.00881561 0.00279091 -0.000245691 0.000224121 -0.0109654 -0.0272645 0.00797907 0.00247093 0.0868125 0.00212967 0.0401938 0.0119112 0.00847622 -0.0211404 0.0112584 0.00975563 0.0254518 0.00145543 -0.000178829 0.014582 0.0426727 0.037605 0.0339274 0.040434 0.0300092 0.0191291 0.0344811 0.0244332 -0.0710287 0.0455928
internal_weight=4015.38 3368.6 2527.18 2510.51 419.803 225.658 194.146 2090.71 8.42526 2082.28 646.78 841.42 671.158 57.634 613.524 586.389 170.262 27.1753 42.2632 57.0757 589.704 215.579 156.112 81.4594 143.087 41.6799 101.407 39.5817 16.6632 374.125
internal_count=35608 34544 33193 33061 10915 8074 2841 22146 82 22064 1064 1351 1138 172 966 941 213 47 68 104 960 351 262 130 166 53 113 55 132 609
is_linear=0
shrinkage=0.05


Tree=75
num_leaves=31
num_cat=0
split_feature=9 0 1 1 1 1 1 5 9 7 4 1 1 5 5 1 4 1 0 9 1 0 9 5 1 1 1 4 0 1
split_gain=279.522 48.1618 27.4064 39.962 66.5965 46.1807 37.1071 28.1921 15.4728 28.3343 12.2259 10.6171 14.3141 28.138 13.6641 14.2025 13.5653 13.4741 7.66208 7.27622 5.62266 5.38863 4.11929 4.04691 3.80041 3.39054 2.8382 2.58992 2.50718 2.39323
threshold=0.78075233748944217 0.87602931846699661 0.087792935120329721 0.0028658193219045507 0.0027622560023129465 0.0087033329592945425 0.0092496371726692467 0.043075982712633749 0.97253122491298638 1.0000000180025095e-35 1.5000000000000002 -0.047966522630089763 -0.033742865974817841 2.6306560037495323e-05 0.0024822763083997973 0.074105498205765633 4.5000000000000009 -0.04357088046994808 0.71671809518199014 0.97343912030330337 -0.065508496043638162 0.8595186046617459 1.1452122652707952 0.20009093039006096 -0.25458354073336642 -0.085023727219154674 -0.17203773081459026 2.5000000000000004 0.82432629697368109 -1.0000000180025095e-35
decision_type=2 2 2 2 2 2 2 2 2 2 2 2 2 2 2 2 2 2 2 2 2 2 2 2 2 2 2 2 2 2
left_child=18 11 3 4 7 -5 -7 -3 9 -4 -6 20 13 -13 15 -14 -16 -15 24 -10 21 25 -21 26 -1 -2 -20 29 -22 -28
right_child=1 2 8 5 10 6 -8 -9 19 -11 -12 12 14 17 16 -17 -18 -19 23 22 28 -23 -24 -25 -26 -27 27 -29 -30 -31
leaf_value=0.026684009464988293 0.027647879586795977 -0.0012007605543996863 -0.073789354148708047 -0.054308713954106802 0.11854486761287449 0.069851045357667896 -0.013015509122747735 0.019245547805660606 0.088067175740236286 0.067769656666779476 0.03862877390266705 0.021831540013283138 0.0019710247548643 -0.01374671186784724 0.025900557645649153 0.048636140043778121 -0.006902563211397904 -0.10937774550172868 0.0046011479910493345 0.024247357194279083 0.047571220484491375 -0.0070415587248265493 0.05171731411021422 0.0042205915254360108 0.043965794018615216 0.0036389815881498083 0.037273163582668092 0.040365534860016185 0.028412925038077404 0.021239856876326912
leaf_weight=34.448563596233726 73.768721394240856 2077.5518837056588 9.1169497445225698 69.364668528316543 13.466127559542658 14.611672440543769 179.09052138146944 183.48185684136115 6.3720216751098624 5.7734385728836051 7.424307136097922 17.892413087189198 244.14721035584807 6.1995705850422373 223.35438333451748 17.471753139048815 36.694377921521664 9.0751187913119775 8.5191968921571952 47.4913873905316 28.229851752519608 18.009985223412514 19.15044420119375 13.24863702431321 415.68137285299599 18.366045277565718 42.016196327283978 86.754103694111109 43.225039303302765 52.177732301875949
leaf_count=68 81 24021 56 3224 32 247 5012 650 1 2 59 20 391 13 262 19 76 35 19 152 28 31 72 36 709 30 69 109 41 97
internal_value=0.00906384 0.00326179 0.000100241 -0.00084783 0.00127949 -0.0193009 -0.00676458 0.000458448 0.0275487 -0.0189028 0.0901433 0.0145649 0.0111303 -0.02072 0.0131553 0.00508747 0.0212718 -0.0705638 0.0390081 0.037022 0.0250587 0.0179724 0.0321412 0.0309365 0.0426432 0.022862 0.0328046 0.0341325 0.0359818 0.0283917
internal_weight=4022.18 3369.33 2632.9 2544.99 2281.92 263.067 193.702 2261.03 87.9042 14.8904 20.8904 736.434 554.835 33.1671 521.668 261.619 260.049 15.2747 652.846 73.0139 181.6 110.145 66.6418 202.716 450.13 92.1348 189.467 180.948 71.4549 94.1939
internal_count=35662 34555 33528 33245 24762 8483 5259 24671 283 58 91 1027 816 68 748 410 338 48 1107 225 211 142 224 330 777 111 294 275 69 166
is_linear=0
shrinkage=0.05


Tree=76
num_leaves=31
num_cat=0
split_feature=9 0 1 1 1 1 0 1 9 1 1 1 5 5 1 4 4 9 0 9 1 0 5 1 5 1 1 0 4 2
split_gain=265.059 44.0595 24.8381 36.7482 58.4917 44.7549 34.8622 27.0757 13.9024 16.1936 10.0282 12.922 24.4254 12.6582 13.0762 12.5552 9.82511 7.97003 7.82487 6.79692 5.41359 4.99705 3.89177 3.82982 3.77634 3.19829 2.73032 2.55582 2.50851 2.51257
threshold=0.78075233748944217 0.87602931846699661 0.087792935120329721 0.0028658193219045507 0.0027622560023129465 0.0087033329592945425 1.0093675826101871 0.0018330145167806402 0.97253122491298638 0.10637349610893444 -0.047966522630089763 -0.033742865974817841 2.6306560037495323e-05 0.0024822763083997973 0.074105498205765633 4.5000000000000009 1.5000000000000002 0.81546828354049861 0.71671809518199014 0.97343912030330337 -0.065508496043638162 0.8595186046617459 0.20009093039006096 -0.25458354073336642 0.12657064981965302 -0.085023727219154674 -0.17203773081459026 0.82432629697368109 2.5000000000000004 1.0000000180025095e-35
decision_type=2 2 2 2 2 2 2 2 2 2 2 2 2 2 2 2 2 2 2 2 2 2 2 2 2 2 2 2 2 2
left_child=18 10 3 4 7 -5 -7 -3 9 -4 20 12 -12 14 -13 -15 -6 -14 23 -10 21 25 26 -1 -21 -2 -20 -22 29 -28
right_child=1 2 8 5 16 6 -8 -9 19 -11 11 13 17 15 -16 -17 -18 -19 22 24 27 -23 -24 -25 -26 -27 28 -29 -30 -31
leaf_value=0.026016254138448949 0.026860894203134197 0.00098845735958058372 0.031575092854660557 -0.054139860949821587 0.10805913014201614 0.0034311686793695667 -0.05219466847437635 -0.053753733379621943 0.084858088085329561 -0.074410189472423477 0.021081870328739292 0.0018748730596336886 -0.022183772041226991 0.025009604097744532 0.047004536474973629 -0.0065310622876387434 0.036835975674256845 -0.094170139295495031 0.0043905332236737656 0.025971966032048894 0.047212230590759185 -0.0066571858461747487 0.0040166496400968156 0.043596714770954267 0.061913179494449515 0.0034664983898074105 0.023049769962786421 0.027541326825204313 0.039682284684602824 0.042384946318645728
leaf_weight=33.588260317221284 72.174669601023197 2237.0400690149982 7.6260658167302591 66.182318768231198 14.018796328455212 158.17466256255284 34.269657713826746 22.818244971800596 6.2845153808593741 6.8336244784295559 17.609566368162632 243.84275240451097 6.5475105568766585 219.83689272776246 17.181827541440725 36.838741909712553 7.3970745340920976 9.3156300783157331 8.4824349731206876 58.425153555348516 27.052132293581963 18.095102977007627 13.225854910910128 398.67205440253019 8.3533788435161096 18.317181918770075 69.571374237537384 42.385034941136837 83.90816449932754 22.15185578353703
leaf_count=68 81 23817 16 3224 32 3238 2021 854 1 42 20 391 14 262 19 76 59 34 19 211 28 31 36 709 13 30 130 41 109 36
internal_value=0.00869433 0.00311037 9.25294e-05 -0.000809906 0.00121511 -0.018672 -0.00647444 0.000435714 0.0262811 -0.0185134 0.0139842 0.0106518 -0.0194565 0.0125985 0.00484551 0.0204828 0.0834585 -0.0644578 0.0384644 0.0351463 0.0243014 0.0173291 0.0302146 0.0422306 0.0304679 0.0221254 0.0320966 0.0352049 0.0334347 0.0277194
internal_weight=3986.22 3356.62 2627.42 2539.9 2281.27 258.627 192.444 2259.86 87.5227 14.4597 729.197 551.173 33.4727 517.7 261.025 256.676 21.4159 15.8631 629.6 73.063 178.024 108.587 197.34 432.26 66.7785 90.4919 184.114 69.4372 175.631 91.7232
internal_count=35662 34555 33528 33245 24762 8483 5259 24671 283 58 1027 816 68 748 410 338 91 48 1107 225 211 142 330 777 224 111 294 69 275 166
is_linear=0
shrinkage=0.05


Tree=77
num_leaves=31
num_cat=0
split_feature=9 6 6 9 5 6 4 6 5 5 9 9 7 9 4 4 6 9 6 8 5 9 5 2 4 5 4 9 5 6
split_gain=251.157 34.3276 47.2417 73.9545 45.2376 42.3209 35.4146 21.2382 29.5909 42.5762 17.0587 16.0465 12.7737 20.328 12.7541 28.2333 10.8212 17.8147 39.2482 8.26195 10.0414 5.58768 5.20632 2.20791 3.24262 3.33532 2.08585 2.07046 1.81378 2.24433
threshold=0.78075233748944217 -0.024050259151085603 -8.7470012449797341e-07 0.99489774204367187 0.00015359017955267766 -0.018461900609929246 6.5000000000000009 0.10008054138168089 0.069378186824279264 0.04451215428796141 0.94677279138414672 0.82947877229335842 1.0000000180025095e-35 0.8960351665440115 6.5000000000000009 7.5000000000000009 -0.045882999179252031 0.91174007701742654 -0.069593545483374528 1.0000000180025095e-35 0.028827992616032038 0.69155430444242572 0.073644203905535305 1.0000000180025095e-35 3.5000000000000004 0.10977293485861629 3.5000000000000004 0.8960351665440115 0.093810821167158678 -0.015373931166806907
decision_type=2 2 2 2 2 2 2 2 2 2 2 2 2 2 2 2 2 2 2 2 2 2 2 2 2 2 2 2 2 2
left_child=21 6 3 4 11 -6 16 8 9 -4 -10 -3 13 -8 -5 -16 17 27 -19 20 -18 22 -1 24 25 -23 -24 -2 29 -26
right_child=1 2 7 14 5 -7 12 -9 10 -11 -12 -13 -14 -15 15 -17 19 18 -20 -21 -22 23 26 -25 28 -27 -28 -29 -30 -31
leaf_value=0.044054818830577686 0.030158443357266147 0.009109784977177687 0.0043632117046817024 -0.052115438617284175 -0.075740791426597703 0.0079908942855364921 -0.3086964996181889 -0.064918485015185587 0.017857971971555565 -0.051085405230651561 0.065611837253663027 -0.067725832400276756 0.035490434743398809 -0.063295471991344429 0.044229712802291619 -0.051475478219812937 -0.023180049884489639 0.018246670816602802 -0.078679496308348043 0.060524766399996224 0.031101802614488479 0.027596065385654834 0.033408253835413897 0.041348868123538066 0.051192694639415441 -0.0011854176658815463 0.011365797039061609 0.012813444169279681 0.051939327341191492 0.0228670040489307
leaf_weight=322.90679317340255 68.25132267922163 8.6367991119623166 2368.2592595880851 105.0301555544138 15.774502583546562 348.23807186447084 0.92188004404306312 11.043181522050871 56.497210746631026 35.133490084204823 27.95434510987252 31.866187678650022 2.8108604978770009 9.9741721935570222 12.12607190851122 21.140890726586804 9.1780324620194715 33.935478227213025 15.087819282431154 21.774682648479939 118.77073108730838 122.34798445180058 37.176053849980235 48.157909445464611 10.625284075737001 10.96826024353504 15.088573401793836 23.00413740426302 19.710473775863647 20.456497877836227
leaf_count=599 83 12 22995 4482 234 2810 7 106 119 320 76 410 12 246 319 1637 114 104 129 23 284 226 64 86 18 29 31 33 17 37
internal_value=0.00833445 0.00296396 0.00136353 -0.0120062 -0.00121509 0.00436238 0.0189926 0.00426772 0.00457483 0.00355265 0.033665 -0.0513415 -0.0595424 -0.0840581 -0.0435699 -0.0165902 0.0227045 0.0127263 -0.0115841 0.0320534 0.0272081 0.0379119 0.0416852 0.0318172 0.0293239 0.0252281 0.0270447 0.025786 0.0400743 0.0325501
internal_weight=3952.85 3345.41 3041.7 542.813 404.516 364.013 303.709 2498.89 2487.84 2403.39 84.4516 40.503 13.7069 10.8961 138.297 33.267 290.002 140.279 49.0233 149.723 127.949 607.438 375.171 232.266 184.109 133.316 52.2646 91.2555 50.7923 31.0818
internal_count=35662 34555 33520 9904 3466 3044 1035 23616 23510 23315 195 422 265 253 6438 1956 770 349 233 421 398 1107 694 413 327 255 95 116 72 55
is_linear=0
shrinkage=0.05


Tree=78
num_leaves=31
num_cat=0
split_feature=9 0 6 6 9 9 6 9 1 1 1 9 1 7 9 1 1 1 1 1 1 0 1 0 1 0 9 0 1 0
split_gain=237.74 38.721 24.5822 59.8182 49.945 58.0684 34.4186 26.3791 24.3393 41.6029 49.811 24.0614 27.248 26.1431 23.4563 13.4034 9.48059 11.5567 16.1627 10.68 8.21573 8.18515 5.17816 4.59447 4.01894 3.3451 4.42549 3.24324 2.74793 2.57961
threshold=0.78075233748944217 0.87602931846699661 -8.7470012449797341e-07 -0.027672905983012249 0.99489774204367187 0.9837901750932162 -0.045882999179252031 0.9288092248584382 0.05000941476729915 0.024617294613363875 0.022968514253092379 0.97253122491298638 0.053229274123966504 1.0000000180025095e-35 1.0753982080927791 0.0016250561459918436 -0.047966522630089763 -0.033742865974817841 -0.038174853288864767 -0.029825017707375553 -0.026721730846886945 0.71671809518199014 -0.065508496043638162 0.8595186046617459 -0.25458354073336642 0.8595186046617459 0.75666363636363643 0.82432629697368109 -0.17203773081459026 0.82432629697368109
decision_type=2 2 2 2 2 2 2 2 2 2 2 2 2 2 2 2 2 2 2 2 2 2 2 2 2 2 2 2 2 2
left_child=21 16 3 6 5 -5 14 -8 9 10 -4 13 -13 -10 -3 -6 22 18 -18 -19 -21 24 23 27 -1 28 -27 -2 -23 -24
right_child=1 2 8 4 15 -7 7 -9 11 -11 -12 12 -14 -15 -16 -17 17 19 -20 20 -22 25 29 -25 -26 26 -28 -29 -30 -31
leaf_value=0.024241315455964967 0.012439244432707077 -0.067765884101772006 0.0015621044978479954 -0.020216446930144443 -0.052102508547863115 0.030026802681400629 -0.080750546904798354 0.042600239327682254 -0.065893221187422663 -0.054022125724850226 0.10282410424482605 0.1349959220059419 0.029359404705272332 0.064211761803092474 0.034742067194933758 -0.014921840173056504 0.0037054867570896124 0.039623058848620864 -0.07261299918746307 -0.035898758903460025 0.010801201730107551 0.0028076866051189131 0.046713769267406564 -0.0064929627568339242 0.042853409076424855 -0.012610645816786677 0.03494486773486296 0.031699443595322049 0.032460882343191937 0.026496361931729828
leaf_weight=31.487468596547842 48.317502155900002 15.419234234606849 1931.6220743234735 210.54358670394868 102.95276003703475 79.117509034229442 4.5621659588068715 86.764755551470444 12.529999175108971 33.472077136626467 12.221124768257139 6.6355162970721713 76.272620901465416 5.5807832777500144 8.7460717824287695 31.70358894369565 23.803413294255733 32.174422241747379 9.7908740788698179 9.6109987162053567 468.69257452338934 8.2156713176518661 25.484492778778076 18.115371271967888 367.77095944806933 10.654494017362595 9.0455258265137672 39.912488967180252 159.29269188083708 41.422890216112137
leaf_count=68 72 199 21449 1959 4430 1419 31 334 117 997 112 32 324 2 49 2074 37 26 31 21 701 19 28 31 709 34 9 39 268 41
internal_value=0.00798271 0.00282076 9.07303e-07 -0.00950559 -0.0181891 -0.0064931 0.0223977 0.0364383 0.00247005 0.00124704 0.00219875 0.0264089 0.037814 -0.0258018 -0.0306655 -0.0433487 0.0131128 0.00986914 -0.0185371 0.0117385 0.00986282 0.0373408 0.0232992 0.0164428 0.0413856 0.0287144 0.0092251 0.021152 0.0310065 0.034197
internal_weight=3921.94 3335.47 2618.14 539.81 424.317 289.661 115.492 91.3269 2078.33 1977.32 1943.84 101.019 82.9081 18.1108 24.1653 134.656 717.325 544.072 33.5943 510.478 478.304 586.467 173.253 106.345 399.258 187.208 19.7 88.23 167.508 66.9074
internal_count=35662 34555 33528 10495 9882 3378 613 365 23033 22558 21561 475 356 119 248 6504 1027 816 68 748 722 1107 211 142 777 330 43 111 287 69
is_linear=0
shrinkage=0.05


Tree=79
num_leaves=31
num_cat=0
split_feature=0 0 6 5 5 5 4 4 6 5 6 5 6 0 5 0 5 2 5 6 0 5 5 6 5 2 5 6 4 4
split_gain=225.01 29.0477 24.7292 55.7777 77.5555 53.1814 42.563 38.6251 36.763 35.9699 59.5227 35.8976 33.8684 24.7844 16.5876 11.0362 6.38175 7.93851 6.21 14.5203 18.3565 7.64874 7.90245 6.82695 13.6139 4.96463 4.13442 3.68751 3.44024 3.40817
threshold=0.79607143489532584 0.87602931846699661 0.0029269043175456093 3.2271416690907417e-07 0.00016375351784740603 0.00019831441134796966 2.5000000000000004 7.5000000000000009 0.010382374697493259 0.010731655843198396 0.0030531733304183244 0.15313134460521474 -1.0000000180025095e-35 1.005040904928771 0.15313134460521474 0.74949852788436355 0.12657064981965302 1.0000000180025095e-35 0.059894693841789921 -0.032718672487115789 0.82432629697368109 0.0636704152887443 0.073644203905535305 0.019086713809668813 0.020721587790957976 1.0000000180025095e-35 0.027283392673848338 -0.032718672487115789 2.5000000000000004 2.5000000000000004
decision_type=2 2 2 2 2 2 2 2 2 2 2 2 2 2 2 2 2 2 2 2 2 2 2 2 2 2 2 2 2 2
left_child=15 18 3 6 -5 -6 12 9 13 10 -4 -11 -3 -9 -10 16 -1 28 19 20 -2 -20 -23 24 -21 26 29 -24 -18 -17
right_child=1 2 7 4 5 -7 -8 8 14 11 -12 -13 -14 -15 -16 25 17 -19 21 23 -22 22 27 -25 -26 -27 -28 -29 -30 -31
leaf_value=0.040983532428228039 0.014174501131714765 0.11030673609773967 0.10287135813260845 -0.055134111013039201 0.051869552041062139 -0.010420807553309479 -0.058238263331209288 0.074118481023563665 -0.053015664748963437 0.015545612813314647 -0.04570523591482422 -0.06895755840859101 0.0043055041689210472 -0.050503700602572754 0.051589428919859626 0.016428035360667021 0.023543580932176521 0.044858961995766999 0.047788648146010942 0.0089839753947694393 -0.090266801465234081 -0.016734324076660558 0.012570165902714137 -0.020862897301057916 0.03498297528243495 0.040362780106516297 0.030901594381215827 0.032763461599238458 -0.010297487744938126 -0.012070630797464036
leaf_weight=417.96045902185142 8.7296168580651301 7.5761997941881409 7.6057081893086425 95.826735928654671 36.261150004342198 622.63594365981407 27.229309528134763 50.692277696216479 11.725770378718154 282.58931605005637 59.288429221604019 13.152742913924156 1403.1856582332402 4.3303886870853594 5.5996563285589209 64.159590102732182 14.254083629697563 22.718062598258257 23.14301323145628 413.77184414491057 8.120902266353367 15.655650924891232 49.915155127644539 16.201050743460655 57.32701350748539 34.265381181612611 44.680770492181182 41.324979893863201 15.872982084751127 12.541576625779269
leaf_count=832 11 42 72 2473 250 12695 368 383 761 2593 1566 104 11654 602 3 113 28 37 19 597 42 33 71 33 53 48 69 39 39 32
internal_value=0.00765183 0.00238076 6.27647e-05 -0.00209763 -0.0131052 -0.00699278 0.00367967 0.0109531 0.0443103 0.00429814 -0.0288124 0.0117874 0.00487476 0.0643105 -0.0192068 0.0350978 0.0389136 0.0225423 0.0119851 0.00947232 -0.0361597 0.0217272 0.0160849 0.0110502 0.0121477 0.0235557 0.0188112 0.0217162 0.00571381 0.0117682
internal_weight=3888.34 3261.89 2627.7 2192.71 754.724 658.897 1437.99 434.984 72.3481 362.636 66.8941 295.742 1410.76 55.0227 17.3254 626.453 470.806 52.8451 634.189 504.15 16.8505 130.039 106.896 487.3 471.099 155.647 121.382 91.2401 30.1271 76.7012
internal_count=35662 34464 33566 27482 15418 12945 12064 6084 1749 4335 1638 2697 11696 985 764 1198 936 104 898 736 53 162 143 683 650 262 214 110 67 145
is_linear=0
shrinkage=0.05


Tree=80
num_leaves=31
num_cat=0
split_feature=0 4 5 5 0 0 5 5 5 5 4 0 0 0 0 0 5 2 4 0 4 2 5 5 6 2 6 5 4 0
split_gain=194.03 21.1931 15.2539 52.4281 41.8876 71.3704 53.5067 38.2343 55.1551 54.1277 35.4251 30.5323 181.605 36.9451 17.1202 9.45398 6.12318 5.67198 8.07507 3.51764 2.88989 2.51714 2.97533 4.60305 2.8125 1.63153 0.914045 0.879895 0.803033 0.40733
threshold=0.79607143489532584 11.500000000000002 3.2271416690907417e-07 0.0011291382912119094 0.95095934902954371 0.94942097924715485 3.3029815012134175e-05 0.0014440182338539631 0.001374557321604119 0.0032905725414193918 2.5000000000000004 1.0054386867506855 1.0056258981563604 1.0000000413579333 0.84841191434953422 0.74949852788436355 0.12657064981965302 1.0000000180025095e-35 2.5000000000000004 0.67440100308966022 1.5000000000000002 1.0000000180025095e-35 0.027283392673848338 0.00016375351784740603 -0.018461900609929246 1.0000000180025095e-35 0.0043642576874108894 0.01894422727576156 1.5000000000000002 0.42591968128748287
decision_type=2 2 2 2 2 2 2 2 2 2 2 2 2 2 2 2 2 2 2 2 2 2 2 2 2 2 2 2 2 2
left_child=15 2 10 4 5 -4 -6 8 -5 -9 11 13 -13 -2 -12 16 19 18 -18 26 25 22 23 28 -24 -21 29 -22 -17 -1
right_child=1 -3 3 7 6 -7 -8 9 -10 -11 14 12 -14 -15 -16 21 17 -19 -20 20 27 -23 24 -25 -26 -27 -28 -29 -30 -31
leaf_value=0.046479317403163141 0.0070740923174948114 -0.050915300644644994 -0.013798833793813144 0.015965304834939464 0.018629464557183281 0.083645349987994125 -0.053194394131026806 -0.037563090671004683 0.13906465873601598 0.0057435051528914325 0.054291833300277217 0.43884829284410876 0.021184269944574865 -0.032289000386401936 -0.059076111464290371 0.016858950060540619 0.032608863519133439 0.039822504164687883 -0.024081325080461121 0.019603868263833261 0.046365822553386726 0.036562209800516519 0.019840563303984399 -0.011327705619883497 0.04594634418512919 0.038496506483067822 0.03127506726521103 0.034230718816775911 0.029960108475458415 0.042409287013519037
leaf_weight=98.937273573130369 1453.8725340226665 17.957468125037849 139.24865861795843 33.618610557168722 33.281415992416441 21.722131554037333 117.40039921412244 77.322606100235134 12.476345912553368 1079.0834613796324 3.7805783748626736 2.6422306839376679 173.68707260489464 62.15845959354192 27.953478905372322 45.299370946362615 12.849870009347798 21.622739063575864 12.289045929908751 41.147764129564166 31.339972974732518 29.527067949995399 24.480522107332945 14.238846272230147 17.832515673711896 15.821279734373091 15.041630664840339 28.541618408635259 15.767721917480229 162.34707876481116
leaf_count=202 7491 2463 525 335 669 21 3979 1851 86 12027 2 39 3162 1447 387 82 21 39 34 95 58 47 40 35 27 32 31 55 24 343
internal_value=0.00802312 0.0032528 0.00355318 -0.000108672 -0.0183844 -0.000649272 -0.0373305 0.00462785 0.0492841 0.00284783 0.00676914 0.00775058 0.0274428 0.00546017 -0.0455702 0.0344812 0.0381507 0.0210462 0.00489612 0.040185 0.0329123 0.0235102 0.0202336 0.0142726 0.0308427 0.0248507 0.0432605 0.0405818 0.0202417 0.0439504
internal_weight=3843.29 3256.21 3238.25 1514.15 311.653 160.971 150.682 1202.5 46.095 1156.41 1724.09 1692.36 176.329 1516.03 31.7341 587.084 439.938 46.7617 25.1389 393.177 116.851 147.146 117.619 75.3059 42.313 56.969 276.326 59.8816 61.0671 261.284
internal_count=35649 34484 32021 19493 5194 546 4648 14299 421 13878 12528 12139 3201 8938 389 1165 910 94 55 816 240 255 208 141 67 127 576 113 106 545
is_linear=0
shrinkage=0.05


Tree=81
num_leaves=31
num_cat=0
split_feature=0 4 4 0 4 1 1 0 1 0 9 5 0 2 1 1 1 5 9 1 9 0 1 4 0 1 4 9 0 1
split_gain=183.535 20.0129 14.9543 26.019 18.6745 17.3627 15.6142 25.9064 22.5519 11.9352 9.52234 6.08837 5.99073 5.45959 4.61605 3.21215 6.16444 9.89203 4.61819 1.4186 1.276 1.16214 1.09159 0.523393 0.494042 0.829427 0.362927 0.28595 0.01098 0.00149413
threshold=0.79607143489532584 11.500000000000002 10.500000000000002 0.99998856840019723 9.5000000000000018 0.019999999999999966 -0.0079943344865724946 0.98975887914922356 -0.0071235494975880045 0.88325714858436577 0.69155430444242572 0.073644203905535305 0.87602931846699661 1.0000000180025095e-35 -0.04357088046994808 -0.12929531592348445 -0.015445797961077088 0.00051684572887003533 0.72544886116289808 -0.25458354073336642 0.47628747366808727 0.77403764581199941 0.0023334075186605134 1.5000000000000002 0.71671809518199014 -0.020110409627262179 1.5000000000000002 0.56850880655651437 0.87602931846699661 -0.017994006641392554
decision_type=2 2 2 2 2 2 2 2 2 2 2 2 2 2 2 2 2 2 2 2 2 2 2 2 2 2 2 2 2 2
left_child=10 2 4 5 6 12 7 -2 -8 -6 11 19 -4 15 -13 18 21 -18 -12 23 26 -17 -22 -1 -15 -26 -21 -16 -3 -11
right_child=1 28 3 -5 9 -7 8 -9 -10 29 13 14 -14 24 27 16 17 -19 -20 20 22 -23 -24 -25 25 -27 -28 -29 -30 -31
leaf_value=0.025644887793867352 0.0056700779996852 -0.057823230275238904 -0.1878386990275458 0.061323761673163335 -0.28566365336646748 0.05036855566964249 -0.063061012517131573 0.031880428618503397 0.0014965383215036687 -0.054016747067175776 0.033499703802009416 -0.0088769025475494128 -0.053054688838609344 0.048078276691445231 0.02620456770217415 0.042962036835363961 0.003910663915614925 0.032004683363613569 -0.014171419918243151 0.049643412064947823 0.038071603164410411 0.029026177250623397 0.049194444107758806 0.04053445726927437 0.044558377432287841 0.030763742478622649 0.043320906693437515 0.037843950169255285 -0.050642585774991804 -0.051725424891931208
leaf_weight=15.727271359413864 719.04730849899352 0.55007161200046795 0.9279315620660763 27.395403124857694 0.58016017824411292 4.9246847322210661 13.606370794586836 108.50192249333486 2345.1475287454668 0.77623275853693385 8.4631824791431445 9.9776756130158919 7.3896668881643564 15.817685410380362 9.9601494688540715 41.45563024841249 58.48728833347559 67.486360603943467 12.710550239309667 75.498829735442996 104.50600253231823 23.406778283417225 27.959463762119412 9.4474609997123462 22.119004014879462 21.477513067424301 32.454673089087009 11.222265044227241 16.545237734680995 8.5273705918807519
leaf_count=37 2025 5 5 158 5 20 159 832 28148 13 17 28 221 29 21 74 134 122 31 158 238 31 58 19 38 39 69 22 2458 435
internal_value=0.00766116 0.00308273 0.0033677 0.0335078 0.00298448 -0.0240373 0.00319735 0.00910658 0.00112414 -0.0656372 0.0338816 0.0400721 -0.0680915 0.0271134 0.0191631 0.0233594 0.0254094 0.0189611 0.00488282 0.0425252 0.0437076 0.037933 0.0404193 0.0312326 0.0405089 0.0377625 0.0477426 0.032371 -0.0508736 -0.0519166
internal_weight=3822.1 3253.92 3236.82 40.6377 3196.19 13.2423 3186.3 827.549 2358.75 9.88376 568.178 296.754 8.3176 271.424 31.1601 212.01 190.836 125.974 21.1737 265.594 240.419 64.8624 132.465 25.1747 59.4142 43.5965 107.954 21.1824 17.0953 9.3036
internal_count=35649 34484 32021 404 31617 246 31164 2857 28307 453 1165 650 226 515 71 409 361 256 48 579 523 105 296 56 106 77 227 43 2463 448
is_linear=0
shrinkage=0.05


end of trees

feature_importances:
mark_drift=526
mark=440
avg_mark_across_lenders=436
mark_dispersion=427
lender_mark_vs_avg=274
num_lenders=239
pik_flag=89
pik_migration=22
par_migration=7

parameters:
[boosting: gbdt]
[objective: binary]
[metric: average_precision]
[tree_learner: serial]
[device_type: cpu]
[data_sample_strategy: bagging]
[data: ]
[valid: ]
[num_iterations: 300]
[learning_rate: 0.05]
[num_leaves: 31]
[num_threads: 1]
[seed: 42]
[deterministic: 0]
[force_col_wise: 0]
[force_row_wise: 0]
[histogram_pool_size: -1]
[max_depth: 6]
[min_data_in_leaf: 20]
[min_sum_hessian_in_leaf: 0.001]
[bagging_fraction: 0.8]
[pos_bagging_fraction: 1]
[neg_bagging_fraction: 1]
[bagging_freq: 5]
[bagging_seed: 400]
[bagging_by_query: 0]
[feature_fraction: 0.8]
[feature_fraction_bynode: 1]
[feature_fraction_seed: 30056]
[extra_trees: 0]
[extra_seed: 12879]
[early_stopping_round: 0]
[early_stopping_min_delta: 0]
[first_metric_only: 0]
[max_delta_step: 0]
[lambda_l1: 0]
[lambda_l2: 0]
[linear_lambda: 0]
[min_gain_to_split: 0]
[drop_rate: 0.1]
[max_drop: 50]
[skip_drop: 0.5]
[xgboost_dart_mode: 0]
[uniform_drop: 0]
[drop_seed: 17869]
[top_rate: 0.2]
[other_rate: 0.1]
[min_data_per_group: 100]
[max_cat_threshold: 32]
[cat_l2: 10]
[cat_smooth: 10]
[max_cat_to_onehot: 4]
[top_k: 20]
[monotone_constraints: ]
[monotone_constraints_method: basic]
[monotone_penalty: 0]
[feature_contri: ]
[forcedsplits_filename: ]
[refit_decay_rate: 0.9]
[cegb_tradeoff: 1]
[cegb_penalty_split: 0]
[cegb_penalty_feature_lazy: ]
[cegb_penalty_feature_coupled: ]
[path_smooth: 0]
[interaction_constraints: ]
[verbosity: -1]
[saved_feature_importance_type: 0]
[use_quantized_grad: 0]
[num_grad_quant_bins: 4]
[quant_train_renew_leaf: 0]
[stochastic_rounding: 1]
[linear_tree: 0]
[max_bin: 255]
[max_bin_by_feature: ]
[min_data_in_bin: 3]
[bin_construct_sample_cnt: 200000]
[data_random_seed: 175]
[is_enable_sparse: 1]
[enable_bundle: 1]
[use_missing: 1]
[zero_as_missing: 0]
[feature_pre_filter: 1]
[pre_partition: 0]
[two_round: 0]
[header: 0]
[label_column: ]
[weight_column: ]
[group_column: ]
[ignore_column: ]
[categorical_feature: ]
[forcedbins_filename: ]
[precise_float_parser: 0]
[parser_config_file: ]
[objective_seed: 16083]
[num_class: 1]
[is_unbalance: 1]
[scale_pos_weight: 1]
[sigmoid: 1]
[boost_from_average: 1]
[reg_sqrt: 0]
[alpha: 0.9]
[fair_c: 1]
[poisson_max_delta_step: 0.7]
[tweedie_variance_power: 1.5]
[lambdarank_truncation_level: 30]
[lambdarank_norm: 1]
[label_gain: ]
[lambdarank_position_bias_regularization: 0]
[eval_at: ]
[multi_error_top_k: 1]
[auc_mu_weights: ]
[num_machines: 1]
[local_listen_port: 12400]
[time_out: 120]
[machine_list_filename: ]
[machines: ]
[gpu_platform_id: -1]
[gpu_device_id: -1]
[gpu_device_id_list: ]
[gpu_use_dp: 0]
[num_gpu: 1]

end of parameters

pandas_categorical:[]
